school_id,school_name,rigorous_instruction_element,rigorous_instruction_overall,,collaborative_teacher_element,,supportive_environment_element,supportive_environment_borough,least_restrictive_environment,value_percentage_students_90,percentage_students_90,effective_school_leadership,school_leadership,family_community_overall,family_community_borough,Trust_Score,Trust_Percent,student-response,teacher_response,parent_response
01M292,Orchard Collegiate Academy,3.57,0.82,4.02,0.87,3.96,0.78,0.73,1.15,0.64,4.12,3.67,0.85,0.85,0.86,4.07,0.92,0.88,1.00,0.46
01M448,University Neighborhood High School,4.10,0.87,3.92,0.93,4.40,0.82,0.73,3.30,0.75,4.18,4.30,0.85,0.87,0.86,4.18,0.94,0.81,1.00,0.31
01M450,East Side Community School,4.37,0.87,4.57,0.89,4.53,0.83,0.73,2.64,0.83,4.03,4.20,0.84,0.96,0.86,4.31,0.94,0.88,0.92,0.63
01M509,Marta Valle High School,1.99,0.64,2.95,0.88,2.37,0.61,0.73,2.07,0.37,1.63,3.62,0.85,0.83,0.86,,0.86,0.83,0.33,0.21
01M539,"New Explorations into Science, Technology and Math",3.89,0.82,3.19,0.76,3.97,0.71,0.73,2.93,0.88,3.55,3.74,0.83,0.93,0.86,3.08,0.84,0.82,0.95,0.63
01M696,Bard High School Early College,4.09,0.89,4.25,0.84,4.24,0.81,0.73,2.14,0.91,4.03,3.83,0.85,0.88,0.86,3.83,0.89,0.91,0.78,0.51
02M047,47 The American Sign Language and English Secondar,3.50,0.68,3.45,0.70,3.38,0.71,0.73,3.50,0.52,1.95,1.72,0.85,0.84,0.86,3.23,0.81,0.88,0.81,0.14
02M135,The Urban Assembly School for Emergency Management,3.85,0.79,3.50,0.83,2.73,0.69,0.73,2.14,0.46,1.64,3.43,0.85,0.89,0.86,3.39,0.85,0.78,1.00,0.29
02M139,Stephen T. Mather Building Arts & Craftsmanship Hi,3.35,0.74,4.29,0.85,3.39,0.72,0.73,2.43,0.53,1.88,3.72,0.85,0.87,0.86,3.79,0.89,0.95,1.00,0.32
02M260,M.S. 260 Clinton School Writers & Artists,4.51,0.78,2.56,0.64,4.06,0.72,0.73,1.81,0.93,4.20,2.27,0.84,0.90,0.86,3.11,0.83,0.78,0.58,0.52
02M280,Manhattan Early College School for Advertising,3.44,0.78,3.64,0.86,3.63,0.73,0.73,2.86,0.68,2.58,3.98,0.85,0.93,0.86,3.73,0.89,0.82,0.88,0.21
02M282,Urban Assembly Maker Academy,3.17,0.80,3.81,0.91,3.02,0.75,0.73,2.93,0.64,1.77,3.86,0.85,0.90,0.86,4.29,0.94,0.80,1.00,0.37
02M288,Food and Finance High School,2.70,0.69,2.29,0.65,2.60,0.60,0.73,3.70,0.62,2.61,2.66,0.85,0.80,0.86,2.89,0.83,0.78,0.47,0.23
02M294,Essex Street Academy,4.39,0.84,4.67,0.94,3.71,0.78,0.73,2.71,0.60,2.32,4.60,0.85,0.89,0.86,4.32,0.95,0.87,0.96,0.36
02M296,High School of Hospitality Management,3.62,0.84,4.11,0.81,,0.73,0.73,4.99,0.56,3.09,3.12,0.85,0.79,0.86,3.80,0.90,0.23,0.57,0.03
02M298,Pace High School,3.60,0.73,3.93,0.76,3.13,0.68,0.73,3.10,0.55,1.52,2.59,0.85,0.82,0.86,3.22,0.85,0.81,0.95,0.34
02M300,"Urban Assembly School of Design and Construction,",3.45,0.76,3.33,0.79,2.66,0.69,0.73,2.57,0.38,1.34,3.23,0.85,0.87,0.86,3.71,0.89,0.75,1.00,0.41
02M303,"Facing History School, The",3.96,0.83,4.64,0.92,3.53,0.76,0.73,2.29,0.45,2.00,4.36,0.85,0.85,0.86,4.44,0.95,0.93,1.00,0.49
02M305,"Urban Assembly Academy of Government and Law, The",3.61,0.84,4.04,0.88,3.52,0.70,0.73,4.23,0.53,2.39,4.51,0.85,0.94,0.86,3.89,0.92,0.91,0.84,0.53
02M308,Lower Manhattan Arts Academy,3.79,0.78,3.96,0.76,3.44,0.69,0.73,1.80,0.58,2.81,3.65,0.85,0.72,0.86,2.62,0.82,0.63,0.93,0.36
02M316,"Urban Assembly School of Business for Young Women,",2.65,0.77,3.31,0.89,2.30,0.63,0.73,3.50,0.39,1.15,3.68,0.85,0.87,0.86,3.81,0.91,0.68,0.89,0.15
02M374,Gramercy Arts High School,3.12,0.79,3.11,0.74,2.88,0.67,0.73,1.60,0.62,1.98,3.17,0.85,0.80,0.86,2.78,0.83,0.91,0.92,0.13
02M376,NYC iSchool,4.37,0.85,4.41,0.87,4.05,0.85,0.73,2.50,0.83,2.85,3.94,0.85,0.87,0.86,4.30,0.94,0.76,0.97,0.43
02M392,MANHATTAN BUSINESS ACADEMY,4.60,0.80,4.30,0.85,3.48,0.73,0.73,2.21,0.56,2.18,3.73,0.85,0.77,0.86,3.64,0.90,0.87,1.00,0.37
02M393,Business Of Sports School,3.43,0.76,3.03,0.74,2.91,0.73,0.73,3.00,0.45,1.67,3.47,0.85,0.87,0.86,3.33,0.86,0.90,0.84,0.17
02M399,The High School For Language And Diplomacy,2.58,0.75,2.41,0.55,2.16,0.58,0.73,2.00,0.46,1.45,2.50,0.85,0.69,0.86,1.69,0.70,0.76,0.46,0.14
02M400,High School for Environmental Studies,3.88,0.80,3.81,0.81,3.19,0.70,0.73,3.90,0.58,1.93,4.42,0.85,0.82,0.86,3.60,0.88,0.60,0.85,0.17
02M407,Institute for Collaborative Education,4.82,0.86,4.73,0.94,4.22,0.81,0.73,2.64,0.85,3.67,4.02,0.84,0.93,0.86,4.11,0.93,0.87,0.56,0.29
02M408,Professional Performing Arts High School,3.48,0.82,3.60,0.78,3.79,0.74,0.73,2.29,0.78,2.43,3.75,0.84,0.87,0.86,3.42,0.87,0.70,0.79,0.37
02M411,Baruch College Campus High School,3.56,0.80,3.62,0.78,4.31,0.78,0.73,3.50,0.92,4.21,3.15,0.85,0.83,0.86,3.35,0.85,0.72,1.00,0.45
02M412,N.Y.C. Lab School for Collaborative Studies,4.46,0.89,4.66,0.94,3.94,0.80,0.73,1.90,0.84,3.09,4.33,0.85,0.92,0.86,4.11,0.93,0.78,0.93,0.41
02M413,School of the Future High School,4.26,0.81,4.24,0.83,3.87,0.71,0.73,2.43,0.84,3.29,3.42,0.84,0.87,0.86,3.23,0.85,0.90,0.81,0.47
02M414,N.Y.C. Museum School,3.52,0.71,2.49,0.58,3.03,0.66,0.73,2.29,0.79,2.42,2.52,0.85,0.74,0.86,1.63,0.70,0.89,0.96,0.16
02M416,Eleanor Roosevelt High School,4.45,0.88,4.06,0.87,4.38,0.86,0.73,1.85,0.92,4.10,4.01,0.85,0.90,0.86,4.34,0.95,0.91,0.94,0.61
02M418,Millennium High School,3.00,0.86,3.41,0.84,4.22,0.81,0.73,2.64,0.90,3.88,3.49,0.85,0.85,0.86,3.61,0.88,0.96,1.00,0.35
02M419,Landmark High School,3.59,0.84,4.14,0.90,3.19,0.72,0.73,2.93,0.44,1.94,4.35,0.85,0.90,0.86,4.22,0.93,0.82,1.00,0.24
02M420,High School for Health Professions and Human Servi,3.91,0.82,4.07,0.79,3.98,0.79,0.73,3.70,0.74,3.06,2.78,0.85,0.76,0.86,3.08,0.83,0.89,0.94,0.44
02M422,Quest to Learn,3.13,0.82,3.76,0.89,3.14,0.65,0.73,3.40,0.66,2.54,3.38,0.84,0.87,0.86,3.47,0.88,0.34,0.98,0.25
02M425,Leadership and Public Service High School,2.29,0.79,3.25,0.78,3.43,0.75,0.73,3.90,0.51,2.20,2.88,0.85,0.89,0.86,3.35,0.84,0.53,0.84,0.18
02M427,MANHATTAN ACADEMY FOR ARTS & LANGUAGE,3.62,0.85,3.67,0.87,3.04,0.75,0.73,1.00,0.57,2.41,3.76,0.85,0.86,0.86,3.35,0.87,0.75,0.96,0.47
02M432,Murray Hill Academy,4.75,0.84,4.42,0.88,4.40,0.78,0.73,,0.44,,4.53,0.85,0.82,0.86,3.59,0.89,0.81,1.00,0.32
02M437,Hudson High School of Learning Technologies,3.08,0.77,3.51,0.83,2.81,0.70,0.73,1.75,0.50,1.86,3.24,0.85,0.75,0.86,3.05,0.86,0.69,0.82,0.11
02M438,International High School at Union Square,3.66,0.86,3.82,0.90,3.67,0.81,0.73,2.36,0.67,3.52,3.62,0.85,0.81,0.86,4.18,0.93,0.84,0.81,0.47
02M439,Manhattan Village Academy,4.81,0.87,3.71,0.74,4.62,0.83,0.73,2.71,0.97,4.99,3.25,0.85,0.90,0.86,3.02,0.81,0.88,0.76,0.46
02M449,Vanguard High School,4.47,0.87,4.60,0.92,3.79,0.78,0.73,2.86,0.59,2.62,3.80,0.85,0.80,0.86,4.09,0.93,0.81,1.00,0.24
02M459,Manhattan International High School,4.74,0.85,4.79,0.95,3.77,0.83,0.73,1.00,0.63,2.34,4.52,0.85,0.87,0.86,4.41,0.95,0.79,0.92,0.54
02M475,Stuyvesant High School,4.12,0.89,3.57,0.85,4.41,0.83,0.73,4.46,0.93,4.04,4.08,0.85,0.87,0.86,4.00,0.92,0.91,0.80,0.40
02M489,High School of Economics and Finance,3.45,0.80,3.51,0.84,3.60,0.69,0.73,2.50,0.83,4.47,3.55,0.85,0.82,0.86,3.22,0.85,0.90,0.98,0.26
02M500,Unity Center for Urban Technologies,3.33,0.73,3.63,0.77,3.27,0.76,0.73,4.35,0.53,2.34,4.03,0.85,0.85,0.86,3.95,0.89,0.93,1.00,0.75
02M507,Urban Assembly Gateway School for Technology,4.37,0.85,4.39,0.87,3.99,0.78,0.73,2.36,0.74,3.38,3.80,0.85,0.91,0.86,3.99,0.91,0.94,1.00,0.59
02M519,Talent Unlimited High School,3.48,0.80,3.17,0.73,2.87,0.69,0.73,3.30,0.73,2.18,3.18,0.85,0.86,0.86,2.84,0.83,0.77,0.84,0.32
02M520,Murry Bergtraum High School for Business Careers,2.22,0.63,2.56,0.64,2.71,0.63,0.73,4.38,0.42,2.30,2.54,0.85,0.86,0.86,2.48,0.74,0.75,1.00,0.39
02M529,Jacqueline Kennedy Onassis High School,1.78,0.60,2.26,0.52,2.42,0.61,0.73,2.21,0.47,1.93,2.82,0.85,0.81,0.86,2.33,0.74,0.39,0.82,0.12
02M531,Repertory Company High School for Theatre Arts,4.58,0.71,3.77,0.73,3.46,0.69,0.73,2.29,0.72,2.58,3.14,0.85,0.90,0.86,3.14,0.85,0.74,0.67,0.28
02M533,Union Square Academy for Health Sciences,4.27,0.82,4.06,0.78,3.75,0.73,0.73,2.71,0.65,2.97,3.28,0.85,0.95,0.86,3.65,0.85,0.79,0.85,0.74
02M534,Harvest Collegiate High School,3.06,0.80,3.67,0.88,3.09,0.67,0.73,2.79,0.58,1.61,4.08,0.85,0.87,0.86,4.13,0.93,0.58,0.97,0.33
02M542,Manhattan Bridges High School,4.67,0.83,4.43,0.88,4.00,0.83,0.73,4.04,0.70,2.58,3.91,0.85,0.86,0.86,4.02,0.92,0.83,0.94,0.59
02M543,New Design High School,3.79,0.77,3.22,0.76,3.66,0.76,0.73,2.93,0.50,2.29,3.61,0.85,0.77,0.86,3.62,0.88,0.63,0.98,0.08
02M545,High School for Dual Language and Asian Studies,3.79,0.90,3.22,0.85,4.34,0.84,0.73,2.43,0.98,4.79,3.63,0.85,0.83,0.86,4.01,0.91,0.94,0.50,0.29
02M546,Academy for Software Engineering,3.91,0.81,4.10,0.89,3.85,0.74,0.73,2.93,0.72,3.27,4.67,0.85,0.87,0.86,3.81,0.91,0.87,1.00,0.41
02M551,Urban Assembly New York Harbor School,2.20,0.76,2.60,0.74,3.17,0.66,0.73,3.40,0.68,1.99,3.68,0.85,0.86,0.86,3.52,0.88,0.74,0.79,0.38
02M580,Richard R. Green High School of Teaching,3.16,0.80,2.86,0.78,3.98,0.70,0.73,3.00,0.80,4.88,3.40,0.85,0.85,0.86,3.70,0.89,0.68,0.78,0.19
02M600,The High School of Fashion Industries,3.94,0.83,4.29,0.84,3.63,0.75,0.73,3.00,0.65,2.38,3.83,0.85,0.90,0.86,3.85,0.90,0.89,0.96,0.36
02M605,Humanities Preparatory Academy,4.03,0.88,4.90,0.98,4.58,0.90,0.73,,0.60,,4.35,0.85,0.93,0.86,4.83,0.98,0.74,0.93,0.44
02M615,Chelsea Career and Technical Education High School,2.75,0.63,1.91,0.53,2.60,0.64,0.73,3.30,0.60,2.34,2.30,0.85,0.80,0.86,2.68,0.75,0.85,0.97,0.22
02M630,Art and Design High School,2.98,0.76,2.81,0.70,2.78,0.68,0.73,2.79,0.69,1.98,3.16,0.85,0.83,0.86,2.18,0.77,0.75,0.99,0.33
02M655,Life Sciences Secondary School,2.15,0.74,3.47,0.82,2.20,0.66,0.73,1.85,0.43,1.55,2.96,0.84,0.78,0.86,3.45,0.87,0.75,0.74,0.16
03M299,The Maxine Greene HS for Imaginative Inquiry,1.89,0.67,2.30,0.60,2.69,0.63,0.73,2.79,0.47,2.35,2.70,0.85,0.78,0.86,2.60,0.79,0.78,0.82,0.14
03M307,"Urban Assembly School for Media Studies, The",4.09,0.88,4.73,0.95,3.37,0.79,0.73,3.60,0.45,1.70,4.17,0.85,0.87,0.86,4.30,0.95,0.93,0.97,0.23
03M402,The Urban Assembly School for Green Careers,4.21,0.81,4.55,0.91,3.47,0.74,0.73,2.21,0.51,2.73,4.34,0.85,0.81,0.86,3.74,0.91,0.80,1.00,0.69
03M403,The Global Learning Collaborative,3.48,0.79,4.39,0.87,3.98,0.70,0.73,4.00,0.61,3.86,4.08,0.85,0.92,0.86,4.01,0.92,0.82,0.88,0.48
03M415,Wadleigh Secondary School for the Performing & Vis,2.41,0.80,3.27,0.85,3.03,0.74,0.73,1.65,0.55,3.25,2.99,0.84,0.92,0.86,3.26,0.85,0.90,0.94,0.45
03M417,Frank Mccourt High School,3.56,0.82,4.12,0.89,3.23,0.71,0.73,2.64,0.81,3.25,3.60,0.85,0.89,0.86,3.11,0.87,0.92,1.00,0.37
03M479,Beacon High School,3.76,0.89,3.02,0.75,4.25,0.80,0.73,1.90,0.94,4.32,2.85,0.85,0.85,0.86,2.43,0.79,0.82,0.91,0.27
03M485,Fiorello H. LaGuardia High School of Music & Art a,4.35,0.75,3.15,0.57,3.75,0.68,0.73,3.10,0.90,3.74,3.39,0.85,0.79,0.86,1.44,0.64,0.91,0.74,0.31
03M492,"High School for Law, Advocacy and Community Justic",3.82,0.80,4.33,0.85,3.49,0.69,0.73,3.60,0.56,2.49,3.65,0.85,0.95,0.86,4.06,0.92,0.68,1.00,0.37
03M494,High School of Arts and Technology,1.74,0.70,2.11,0.65,2.12,0.59,0.73,4.19,0.39,1.70,2.17,0.85,0.82,0.86,2.30,0.79,0.70,0.97,0.14
03M541,Manhattan / Hunter Science High School,4.80,0.86,3.17,0.78,4.29,0.78,0.73,2.07,0.95,4.47,3.22,0.85,0.85,0.86,3.83,0.88,0.83,0.88,0.55
03M859,Special Music School,4.77,0.83,4.34,0.84,4.12,0.78,0.73,3.70,0.85,3.38,3.15,0.83,0.93,0.86,3.81,0.89,0.86,0.83,0.52
03M860,Frederick Douglass Academy II Secondary School,2.60,0.61,2.34,0.59,3.23,0.63,0.73,2.57,0.46,2.47,2.76,0.84,0.81,0.86,2.33,0.76,0.77,0.85,0.27
04M372,Esperanza Preparatory Academy,3.30,0.75,3.52,0.82,3.15,0.69,0.73,3.30,0.54,2.89,3.46,0.84,0.85,0.86,3.50,0.86,0.83,0.84,0.57
04M409,Coalition School for Social Change,,0.75,,0.85,,0.74,0.73,2.14,0.38,2.38,,0.85,0.80,0.86,,0.85,0.97,1.00,0.57
04M435,Manhattan Center for Science and Mathematics,4.78,0.88,4.78,0.96,4.17,0.84,0.73,3.20,0.83,3.30,4.65,0.85,0.83,0.86,3.71,0.91,0.91,0.91,0.90
04M495,Park East High School,4.10,0.89,4.83,0.97,4.53,0.85,0.73,2.93,0.81,4.34,4.22,0.85,0.87,0.86,4.08,0.93,0.93,0.94,0.55
04M555,Central Park East High School,4.94,0.91,4.71,0.94,4.58,0.87,0.73,1.90,0.89,4.47,4.40,0.85,0.90,0.86,4.37,0.95,0.87,0.94,0.36
04M610,Young Women's Leadership School,4.48,0.88,4.66,0.92,4.12,0.81,0.73,3.30,0.80,3.66,4.12,0.84,0.85,0.86,4.31,0.94,0.88,0.97,0.60
04M680,"Heritage School, The",2.51,0.75,4.10,0.91,3.87,0.68,0.73,2.71,0.60,4.26,3.98,0.85,0.83,0.86,3.57,0.90,0.91,0.88,0.66
05M148,Eagle Academy for Young Men of Harlem,3.28,0.74,3.65,0.79,3.06,0.67,0.73,3.30,0.49,1.23,4.18,0.84,0.91,0.86,,0.87,0.37,0.33,0.17
05M157,The Urban Assembly School for Global Commerce,2.22,0.66,2.27,0.55,2.68,0.57,0.73,2.79,0.36,1.54,3.36,0.85,0.85,0.86,2.56,0.77,0.70,0.78,0.47
05M304,Mott Hall High School,2.93,0.86,3.62,0.86,3.78,0.75,0.73,2.93,0.59,4.34,3.67,0.85,0.91,0.86,3.90,0.89,1.00,0.95,0.90
05M362,Columbia Secondary School,4.35,0.85,4.01,0.79,3.80,0.74,0.73,2.07,0.80,2.35,3.65,0.84,0.91,0.86,3.78,0.89,0.45,0.42,0.28
05M367,Academy for Social Action,,0.75,,0.74,,0.70,0.73,4.00,0.47,3.72,,0.85,0.83,0.86,,0.91,0.88,1.00,0.28
05M369,Urban Assembly School for the Performing Arts,3.33,0.86,3.57,0.85,3.19,0.77,0.73,2.14,0.47,2.37,3.66,0.85,0.85,0.86,3.75,0.91,0.74,0.93,0.42
05M499,Frederick Douglass Academy,1.93,0.69,2.17,0.73,2.36,0.57,0.73,2.93,0.69,3.09,2.00,0.84,0.82,0.86,,0.81,0.57,0.46,0.10
05M670,Thurgood Marshall Academy for Learning and Social,3.28,0.86,4.36,0.85,4.18,0.72,0.73,2.07,0.79,4.71,3.70,0.84,0.85,0.86,3.61,0.88,0.71,0.54,0.37
05M692,"High School for Mathematics, Science and Engineeri",4.81,0.87,4.28,0.84,4.24,0.82,0.73,4.04,0.89,3.57,3.49,0.85,0.87,0.86,3.34,0.87,0.88,0.94,0.36
06M211,Inwood Early College for Health and Information Te,2.60,0.76,2.16,0.65,3.86,0.75,0.73,2.50,0.79,4.71,3.05,0.85,0.92,0.86,3.57,0.86,0.85,0.85,0.45
06M293,City College Academy of the Arts,3.24,0.85,3.33,0.79,3.27,0.76,0.73,3.10,0.75,2.61,3.12,0.84,0.86,0.86,3.31,0.85,0.87,0.44,0.83
06M346,Community Health Academy of the Heights,3.72,0.86,4.64,0.92,4.05,0.79,0.73,3.20,0.54,2.18,4.42,0.84,0.92,0.86,4.39,0.94,0.77,1.00,0.66
06M348,Washington Heights Expeditionary Learning School,4.75,0.84,4.34,0.91,4.06,0.79,0.73,1.65,0.58,1.96,4.30,0.83,0.90,0.86,4.33,0.93,0.71,0.72,0.58
06M462,The College Academy,3.64,0.84,3.81,0.91,2.87,0.71,0.73,2.93,0.47,1.95,3.82,0.85,0.90,0.86,3.86,0.90,0.75,0.74,0.48
06M463,High School for Media and Communications,2.40,0.80,2.83,0.86,3.50,0.70,0.73,1.35,0.64,4.24,3.60,0.85,0.86,0.86,3.47,0.87,0.87,1.00,0.77
06M467,High School for Law and Public Service,2.91,0.85,3.48,0.93,2.79,0.73,0.73,3.20,0.50,2.66,3.66,0.85,0.92,0.86,4.42,0.95,0.81,0.92,0.51
06M468,High School for Health Careers and Sciences,3.55,0.81,3.26,0.77,3.88,0.69,0.73,4.12,0.71,4.34,3.69,0.85,0.98,0.86,4.00,0.89,0.93,0.93,0.93
06M540,A. Philip Randolph Campus High School,2.79,0.81,3.60,0.86,3.18,0.73,0.73,2.71,0.62,2.53,3.54,0.85,0.81,0.86,3.50,0.88,0.33,0.93,0.26
06M552,Gregorio Luperon High School for Science and Mathe,3.77,0.89,3.70,0.88,4.45,0.86,0.73,3.57,0.80,4.67,4.00,0.85,0.87,0.86,4.06,0.91,0.75,0.85,0.58
07X221,South Bronx Preparatory: A College Board School,4.44,0.87,4.58,0.90,4.61,0.83,0.70,3.10,0.70,4.40,4.20,0.84,0.84,0.84,4.18,0.93,0.97,1.00,0.83
07X223,The Laboratory School of Finance and Technology: X,4.52,0.77,3.84,0.77,4.13,0.70,0.70,3.30,0.76,4.07,2.72,0.84,0.84,0.84,3.28,0.84,0.82,0.98,0.53
07X259,"H.E.R.O. High (Health, Education, and Research Occ",3.76,0.76,3.97,0.85,3.12,0.59,0.70,2.50,0.54,2.78,4.29,0.85,0.88,0.84,3.72,0.91,0.62,0.43,0.17
07X334,International Community High School,3.95,0.83,4.25,0.84,4.45,0.79,0.70,4.99,0.68,4.34,4.24,0.85,0.82,0.84,4.03,0.92,0.91,0.94,0.38
07X427,Community School for Social Justice,4.57,0.94,4.88,0.98,3.91,0.93,0.70,4.31,0.32,1.64,4.72,0.85,0.94,0.84,4.77,0.98,0.86,0.92,0.59
07X473,Mott Haven Village Preparatory High School,2.72,0.65,2.46,0.64,2.69,0.65,0.70,2.57,0.34,1.97,2.76,0.85,0.80,0.84,2.85,0.79,0.66,1.00,0.29
07X495,University Heights Secondary School,3.77,0.90,4.04,0.95,4.54,0.83,0.70,4.42,0.84,4.35,4.86,0.85,0.96,0.84,4.47,0.95,0.95,1.00,0.87
07X500,Hostos-Lincoln Academy of Science,3.21,0.84,3.84,0.90,3.88,0.74,0.70,2.43,0.75,4.08,3.76,0.84,0.89,0.84,4.09,0.92,0.91,0.61,0.30
07X522,Bronx Design and Construction Academy,2.66,0.67,2.67,0.68,2.26,0.59,0.70,2.64,0.34,1.41,1.98,0.85,0.83,0.84,2.73,0.80,0.74,0.98,0.12
07X527,Bronx Leadership Academy II High School,2.96,0.74,3.61,0.71,3.78,0.74,0.70,2.14,0.50,3.17,3.13,0.85,0.87,0.84,3.47,0.84,0.77,0.73,0.44
07X547,New Explorers High School,,0.64,,0.50,,0.62,0.70,3.90,0.33,1.62,,0.85,0.86,0.84,,0.74,0.57,0.64,0.07
07X548,Careers in Sports High School,3.49,0.78,4.07,0.88,2.88,0.68,0.70,2.50,0.35,1.40,4.10,0.85,0.85,0.84,4.03,0.92,0.56,0.83,0.10
07X551,The Urban Assembly Bronx Academy of Letters,4.48,0.77,3.52,0.84,3.23,0.68,0.70,1.30,0.46,2.53,3.89,0.84,0.86,0.84,3.64,0.89,0.73,0.90,0.20
07X600,Alfred E. Smith Career and Technical Education Hig,2.38,0.79,2.54,0.72,2.90,0.67,0.70,2.64,0.49,2.48,3.01,0.85,0.83,0.84,3.05,0.82,0.86,0.43,0.29
07X670,Health Opportunities High School,2.70,0.79,3.58,0.85,3.21,0.73,0.70,4.35,0.43,2.38,3.39,0.85,0.83,0.84,2.53,0.83,0.90,1.00,0.82
08X269,Bronx Studio School for Writers and Artists,2.56,0.74,3.25,0.79,3.03,0.64,0.70,4.08,0.48,2.15,2.99,0.84,0.85,0.84,3.55,0.87,0.78,0.88,0.58
08X282,Women's Academy of Excellence,3.42,0.81,3.77,0.91,2.16,0.63,0.70,1.50,0.37,1.64,3.47,0.85,0.77,0.84,2.65,0.85,0.80,1.00,0.65
08X293,Renaissance High School for Musical Theater & Tech,4.32,0.81,4.59,0.92,3.37,0.73,0.70,3.10,0.44,1.65,4.47,0.85,0.82,0.84,4.39,0.95,0.88,0.91,0.39
08X312,Millennium Art Academy,2.20,0.75,3.23,0.86,2.89,0.70,0.70,2.71,0.50,2.18,2.99,0.85,0.85,0.84,3.57,0.89,0.80,0.82,0.36
08X320,Pelham Lab High School,2.86,0.71,3.23,0.77,2.68,0.66,0.70,2.43,0.46,1.89,3.51,0.85,0.88,0.84,3.28,0.85,0.65,0.82,0.21
08X332,Holcombe L. Rucker School of Community Research,,0.70,,0.81,,0.75,0.70,3.90,0.54,4.20,,0.85,0.87,0.84,,0.86,0.43,0.73,0.20
08X348,Schuylerville Preparatory High School,2.47,0.68,3.37,0.82,2.48,0.58,0.70,2.64,0.56,2.53,3.55,0.85,0.79,0.84,,0.89,0.71,0.41,0.14
08X349,Bronx River High School,3.43,0.77,4.14,0.81,3.17,0.72,0.70,2.86,0.43,1.85,3.95,0.85,0.82,0.84,3.49,0.88,0.85,0.91,0.47
08X367,"Archimedes Academy for Math, Science and Technolog",3.28,0.74,2.58,0.74,2.81,0.64,0.70,1.10,0.50,2.11,3.03,0.84,0.77,0.84,2.54,0.80,0.90,0.95,0.37
08X376,Antonia Pantoja Preparatory Academy: A College Boa,2.13,0.74,2.58,0.74,2.98,0.66,0.70,3.00,0.49,2.95,2.90,0.84,0.88,0.84,3.49,0.86,0.89,0.92,0.42
08X405,Herbert H. Lehman High School,2.91,0.74,3.00,0.74,2.97,0.65,0.70,1.00,0.60,3.31,2.95,0.85,0.77,0.84,2.80,0.82,0.71,0.90,0.25
08X432,Bronx Bridges High School,2.62,0.76,3.32,0.79,3.49,0.74,0.70,4.15,0.48,1.77,3.29,0.85,0.84,0.84,3.05,0.82,0.78,0.97,0.62
08X452,Gotham Collaborative High School,3.38,0.76,3.53,0.83,3.28,0.66,0.70,2.57,0.43,2.38,3.92,0.85,0.88,0.84,3.81,0.92,0.64,0.93,0.07
08X519,Felisa Rincon de Gautier Institute for Law and Pub,,0.74,,0.81,,0.71,0.70,4.38,0.24,1.68,,0.85,0.76,0.84,,0.87,0.90,1.00,0.36
08X530,Longwood Preparatory Academy,3.53,0.80,4.34,0.85,3.78,0.74,0.70,4.58,0.44,3.31,3.67,0.85,0.90,0.84,4.07,0.92,0.71,1.00,0.50
08X558,Westchester Square Academy,3.38,0.62,2.31,0.53,2.30,0.56,0.70,3.70,0.50,1.82,1.04,0.85,0.68,0.84,1.34,0.70,0.69,0.45,0.26
08X559,School for Tourism and Hospitality,2.23,0.62,2.14,0.64,1.90,0.60,0.70,2.93,0.19,1.00,2.88,0.85,0.82,0.84,3.30,0.85,0.43,0.83,0.05
08X561,Bronx Compass High School,1.82,0.61,1.33,0.59,1.75,0.59,0.70,1.55,0.40,1.65,1.98,0.85,0.77,0.84,2.71,0.80,0.73,0.54,0.15
09X227,Bronx Collegiate Academy,3.73,0.88,4.74,0.94,4.07,0.76,0.70,4.27,0.55,3.52,4.22,0.85,0.85,0.84,4.17,0.94,0.72,0.96,0.36
09X231,Eagle Academy for Young Men,2.71,0.79,2.77,0.70,3.54,0.65,0.70,2.86,0.62,3.78,2.86,0.84,0.88,0.84,2.63,0.80,0.58,0.74,0.21
09X241,Urban Assembly School for Applied Math and Science,4.05,0.75,4.03,0.79,3.70,0.71,0.70,2.93,0.61,2.94,3.07,0.84,0.88,0.84,3.76,0.88,0.72,0.97,0.60
09X250,Eximius College Preparatory Academy: A College Boa,4.83,0.88,4.65,0.93,4.03,0.79,0.70,2.93,0.59,3.23,4.35,0.85,0.92,0.84,4.41,0.95,0.89,0.97,0.44
09X252,Mott Hall Bronx High School,3.23,0.72,3.40,0.81,3.82,0.69,0.70,4.23,0.57,3.42,3.90,0.85,0.83,0.84,3.77,0.88,0.71,0.93,0.12
09X260,Bronx Center for Science and Mathematics,4.82,0.86,4.45,0.88,4.35,0.81,0.70,2.36,0.74,4.26,3.60,0.85,0.80,0.84,4.09,0.92,0.79,1.00,0.54
09X263,Validus Preparatory Academy,2.74,0.80,3.70,0.87,2.99,0.76,0.70,1.60,0.38,1.81,3.56,0.85,0.87,0.84,4.03,0.92,0.57,0.85,0.28
09X297,Morris Academy for Collaborative Studies,4.12,0.88,4.61,0.91,4.12,0.80,0.70,2.29,0.58,4.37,4.52,0.85,0.91,0.84,4.38,0.94,0.83,0.97,0.41
09X324,Bronx Early College Academy for Teaching & Learnin,4.04,0.86,4.44,0.96,3.89,0.68,0.70,1.45,0.79,4.40,3.78,0.84,0.92,0.84,3.96,0.91,0.94,1.00,0.56
09X327,Comprehensive Model School Project M.S. 327,3.93,0.83,4.26,0.83,3.73,0.74,0.70,3.30,0.64,2.76,3.77,0.84,0.84,0.84,3.91,0.91,0.81,0.86,0.46
09X329,DreamYard Preparatory School,3.77,0.90,4.29,0.94,4.13,0.76,0.70,4.00,0.59,4.46,3.86,0.85,0.90,0.84,3.94,0.92,0.90,1.00,0.69
09X365,Academy for Language and Technology,4.81,0.86,4.23,0.83,3.72,0.87,0.70,3.90,0.55,1.37,3.87,0.85,0.83,0.84,3.89,0.90,0.99,1.00,0.95
09X403,Bronx International High School,3.40,0.75,3.14,0.70,3.14,0.75,0.70,1.50,0.52,1.82,2.90,0.85,0.77,0.84,2.75,0.81,0.74,0.77,0.61
09X404,School for Excellence,2.29,0.77,2.67,0.83,2.52,0.67,0.70,3.40,0.34,1.79,2.63,0.85,0.82,0.84,3.23,0.87,0.57,0.92,0.09
09X412,Bronx High School of Business,2.94,0.74,3.19,0.76,3.19,0.67,0.70,4.46,0.52,3.09,3.35,0.85,0.83,0.84,3.40,0.86,0.87,1.00,0.24
09X413,Bronx High School for Medical Science,2.85,0.82,3.47,0.90,3.56,0.72,0.70,2.86,0.74,4.01,3.69,0.84,0.84,0.84,3.92,0.91,0.99,1.00,0.26
09X505,"Bronx School for Law, Government and Justice",2.76,0.82,3.23,0.78,3.65,0.70,0.70,2.71,0.71,4.11,3.56,0.84,0.82,0.84,3.64,0.88,0.87,0.83,0.70
09X517,Frederick Douglass Academy III Secondary School,4.03,0.84,3.67,0.87,3.09,0.79,0.70,3.00,0.31,1.65,3.69,0.85,0.85,0.84,3.82,0.91,0.81,1.00,0.81
09X525,Bronx Leadership Academy High School,3.20,0.71,2.53,0.62,3.16,0.66,0.70,4.27,0.43,2.52,2.66,0.85,0.80,0.84,,0.76,0.44,0.47,0.06
09X543,High School for Violin and Dance,2.85,0.71,3.59,0.85,2.60,0.67,0.70,2.43,0.27,1.48,3.80,0.85,0.87,0.84,4.07,0.91,0.57,0.80,0.16
09X564,Claremont International HS,4.31,0.81,4.55,0.90,3.82,0.77,0.70,3.90,0.61,2.67,3.43,0.85,0.82,0.84,4.12,0.91,0.94,0.90,0.51
09X568,Young Women's Leadership School of the Bronx,3.86,0.81,4.48,0.89,3.60,0.69,0.70,3.10,0.77,2.89,4.23,0.84,0.89,0.84,3.84,0.91,0.93,0.97,0.80
10X141,Riverdale / Kingsbridge Academy (Middle School / H,3.24,0.75,3.33,0.81,3.45,0.64,0.70,2.36,0.73,2.72,3.26,0.84,0.88,0.84,3.11,0.84,0.82,0.66,0.27
10X213,Bronx Engineering and Technology Academy,3.05,0.79,3.35,0.80,2.62,0.64,0.70,3.10,0.46,1.99,3.49,0.85,0.91,0.84,2.59,0.82,0.60,0.60,0.37
10X225,Theatre Arts Production Company School,3.31,0.76,3.57,0.78,2.62,0.60,0.70,2.43,0.43,1.48,3.48,0.84,0.83,0.84,3.11,0.86,0.86,0.94,0.17
10X237,"The Marie Curie School for Medicine, Nursing, and",3.47,0.70,3.06,0.74,3.22,0.62,0.70,3.40,0.52,2.73,2.62,0.85,0.77,0.84,2.65,0.83,0.79,1.00,0.13
10X243,West Bronx Academy for the Future,2.62,0.76,3.56,0.84,3.36,0.64,0.70,2.00,0.60,3.48,3.56,0.84,0.84,0.84,3.74,0.89,0.88,0.76,0.32
10X264,Bronx Academy for Software Engineering (BASE),3.39,0.77,4.40,0.87,2.85,0.70,0.70,2.07,0.55,1.88,3.42,0.85,0.80,0.84,3.93,0.91,0.59,0.89,0.16
10X268,Kingsbridge International High School,2.41,0.80,2.97,0.89,2.65,0.69,0.70,4.31,0.59,2.75,2.80,0.85,0.85,0.84,3.98,0.92,0.95,1.00,0.60
10X284,Bronx School of Law and Finance,2.63,0.79,3.24,0.87,,0.62,0.70,2.93,0.41,1.95,3.47,0.85,0.79,0.84,,0.86,0.24,0.43,0.08
10X342,International School for Liberal Arts,2.92,0.86,4.07,0.87,4.20,0.79,0.70,2.14,0.78,4.29,3.72,0.84,0.88,0.84,3.74,0.89,0.99,1.00,0.99
10X351,Bronx Collaborative High School,3.55,0.82,3.52,0.83,3.26,0.74,0.70,2.36,0.35,1.29,3.67,0.85,0.84,0.84,3.48,0.87,0.58,0.84,0.19
10X353,World View High School,3.69,0.85,4.55,0.90,3.63,0.80,0.70,3.30,0.66,3.23,4.00,0.85,0.88,0.84,4.17,0.93,0.39,0.83,0.20
10X368,In-Tech Academy (M.S. / High School 368),3.61,0.73,3.06,0.74,3.52,0.66,0.70,2.50,0.71,3.56,3.09,0.84,0.80,0.84,2.87,0.82,0.92,0.96,0.47
10X374,Knowledge and Power Preparatory Academy Internatio,4.20,0.80,4.32,0.84,3.81,0.77,0.70,4.15,0.53,2.49,3.54,0.85,0.90,0.84,4.06,0.92,0.93,0.95,0.57
10X433,High School for Teaching and the Professions,3.56,0.82,3.62,0.87,3.43,0.73,0.70,2.93,0.45,2.65,3.70,0.85,0.88,0.84,3.65,0.89,0.77,0.82,0.20
10X434,Belmont Preparatory High School,3.62,0.85,3.28,0.88,3.37,0.74,0.70,2.07,0.59,3.23,3.64,0.85,0.77,0.84,3.39,0.87,0.84,0.73,0.45
10X437,Fordham High School for the Arts,4.60,0.82,4.22,0.82,4.28,0.76,0.70,4.46,0.73,4.10,3.48,0.85,0.85,0.84,3.49,0.86,0.92,1.00,0.38
10X438,Fordham Leadership Academy,3.24,0.73,3.44,0.75,4.01,0.68,0.70,4.35,0.80,4.99,3.69,0.85,0.87,0.84,3.72,0.87,0.71,0.93,0.58
10X439,Bronx High School for Law and Community Service,3.93,0.81,4.21,0.92,2.88,0.71,0.70,1.85,0.46,1.93,4.07,0.85,0.85,0.84,3.78,0.91,0.84,0.83,0.32
10X440,DeWitt Clinton High School,1.87,0.62,2.44,0.59,,0.57,0.70,3.70,0.56,2.48,2.50,0.85,0.71,0.84,1.40,0.68,0.19,0.76,0.06
10X442,"Celia Cruz Bronx High School of Music, The",3.52,0.83,4.25,0.82,3.70,0.69,0.70,2.14,0.67,3.33,2.99,0.85,0.86,0.84,3.54,0.87,0.91,0.76,0.28
10X445,The Bronx High School of Science,4.01,0.86,3.57,0.86,4.35,0.81,0.70,3.40,0.94,4.19,3.94,0.85,0.88,0.84,3.97,0.92,0.93,0.84,0.44
10X477,Marble Hill High School for International Studies,4.49,0.88,4.43,0.86,4.53,0.84,0.70,3.00,0.81,4.47,3.59,0.85,0.87,0.84,4.43,0.94,0.97,0.97,0.55
10X524,Crotona International High School,3.12,0.82,3.87,0.83,3.50,0.85,0.70,4.31,0.56,3.17,3.48,0.85,0.86,0.84,3.99,0.91,0.83,1.00,0.70
10X546,Bronx Theatre High School,2.78,0.70,2.32,0.67,2.43,0.64,0.70,3.30,0.34,1.48,2.64,0.85,0.74,0.84,1.86,0.74,0.71,0.92,0.37
10X549,Discovery High School,4.78,0.86,4.66,0.94,4.46,0.74,0.70,4.35,0.71,4.99,4.87,0.85,0.87,0.84,4.37,0.94,0.37,0.66,0.21
10X565,High School for Energy and Technology,3.21,0.73,3.24,0.79,2.98,0.62,0.70,2.29,0.52,2.95,3.80,0.85,0.84,0.84,3.00,0.86,0.76,1.00,0.35
10X696,High School of American Studies at Lehman College,4.55,0.90,4.65,0.93,4.60,0.85,0.70,4.73,0.96,4.44,4.56,0.85,0.90,0.84,4.23,0.94,0.95,0.88,0.50
11X249,Bronx Health Sciences High School,3.40,0.78,4.22,0.86,3.50,0.62,0.70,4.23,0.77,4.10,3.53,0.85,0.78,0.84,2.81,0.85,0.68,0.80,0.23
11X253,Bronx High School for Writing and Communication Ar,3.75,0.87,3.85,0.92,3.41,0.76,0.70,3.80,0.51,2.99,3.83,0.85,0.88,0.84,4.25,0.94,0.59,0.88,0.22
11X265,Bronx Lab School,2.86,0.74,3.25,0.79,2.17,0.62,0.70,1.90,0.40,1.88,3.38,0.85,0.85,0.84,3.10,0.86,0.84,1.00,0.30
11X270,Academy for Scholarship and Entrepreneurship: A Co,2.95,0.75,3.59,0.87,2.52,0.59,0.70,4.08,0.46,2.15,3.62,0.85,0.88,0.84,3.21,0.88,0.52,0.80,0.11
11X275,High School of Computers and Technology,3.01,0.78,3.51,0.83,3.76,0.66,0.70,2.36,0.68,4.13,3.34,0.85,0.81,0.84,3.13,0.85,0.86,0.95,0.20
11X288,Collegiate Institute for Math and Science,3.55,0.81,3.63,0.87,3.29,0.67,0.70,3.70,0.66,2.23,3.68,0.85,0.83,0.84,3.35,0.88,0.65,0.82,0.16
11X290,Bronx Academy of Health Careers,2.46,0.72,3.29,0.81,3.72,0.57,0.70,4.15,0.71,4.99,4.20,0.85,0.81,0.84,2.82,0.85,0.59,0.83,0.10
11X299,Astor Collegiate Academy,2.67,0.78,3.08,0.84,2.32,0.63,0.70,3.40,0.55,2.03,3.40,0.85,0.86,0.84,2.60,0.84,0.75,0.75,0.13
11X418,Bronx High School for the Visual Arts,2.70,0.67,2.83,0.68,2.12,0.64,0.70,3.30,0.48,1.86,2.97,0.85,0.84,0.84,2.41,0.78,0.80,0.79,0.26
11X455,Harry S Truman High School,3.51,0.81,3.58,0.86,3.73,0.70,0.70,2.07,0.77,4.99,2.98,0.85,0.82,0.84,3.52,0.89,0.54,0.63,0.15
11X508,Bronxdale High School,4.47,0.87,4.80,0.96,3.86,0.80,0.70,3.20,0.57,2.57,4.55,0.85,0.88,0.84,4.40,0.95,0.91,1.00,0.37
11X509,High School of Language and Innovation,3.42,0.77,3.94,0.84,3.47,0.70,0.70,2.93,0.61,2.51,3.60,0.85,0.84,0.84,3.52,0.88,0.83,0.69,0.77
11X513,New World High School,4.46,0.86,4.35,0.86,4.02,0.76,0.70,3.20,0.74,3.61,3.77,0.85,0.80,0.84,3.72,0.89,0.97,0.92,0.57
11X514,The Bronxwood Preparatory Academy,3.79,0.80,3.96,0.87,4.19,0.69,0.70,3.10,0.76,4.99,3.72,0.85,0.75,0.84,2.65,0.85,0.79,0.75,0.11
11X542,Pelham Preparatory Academy,3.59,0.82,3.92,0.85,4.11,0.73,0.70,4.27,0.71,3.94,3.54,0.85,0.84,0.84,3.59,0.86,0.86,0.90,0.24
11X544,High School for Contemporary Arts,2.78,0.82,3.89,0.93,3.79,0.67,0.70,3.50,0.62,4.71,4.08,0.85,0.86,0.84,4.06,0.93,0.54,0.79,0.17
11X545,Bronx Aerospace High School,4.33,0.84,4.53,0.90,3.29,0.66,0.70,3.70,0.51,3.28,4.50,0.85,0.86,0.84,3.08,0.87,0.80,0.97,0.40
12X242,Mott Hall V,4.27,0.80,4.01,0.79,3.74,0.74,0.70,1.00,0.54,2.20,3.03,0.84,0.84,0.84,3.29,0.85,0.86,0.95,0.57
12X248,"Metropolitan High School, The",1.96,0.69,1.73,0.63,2.21,0.56,0.70,3.20,0.33,1.67,1.94,0.85,0.76,0.84,1.63,0.73,0.43,0.83,0.11
12X251,Explorations Academy H.S.,3.37,0.76,2.93,0.66,3.76,0.72,0.70,3.50,0.52,3.80,3.06,0.85,0.82,0.84,3.45,0.84,0.74,0.96,0.28
12X267,Bronx Latin,3.89,0.80,3.61,0.71,3.52,0.72,0.70,2.86,0.58,2.58,2.34,0.84,0.82,0.84,2.57,0.78,0.71,0.98,0.63
12X271,East Bronx Academy for the Future,3.43,0.79,3.72,0.75,3.21,0.66,0.70,1.90,0.48,2.73,4.15,0.84,0.82,0.84,2.83,0.82,0.54,0.52,0.10
12X372,Urban Assembly School for Wildlife Conservation,,0.57,,0.75,,0.49,0.70,2.00,0.32,1.20,,0.84,0.59,0.84,,0.63,0.13,0.00,0.04
12X388,Pan American International High School at Monroe,4.97,0.95,4.84,0.97,3.94,0.90,0.70,1.95,0.57,2.30,4.76,0.85,0.90,0.84,4.45,0.95,0.96,1.00,0.91
12X478,The Cinema School,3.26,0.73,2.65,0.65,3.35,0.71,0.70,2.71,0.60,2.00,2.90,0.85,0.79,0.84,3.06,0.81,0.97,0.96,0.36
12X479,Bronx Career and College Preparatory High School,2.61,0.76,3.50,0.84,3.12,0.69,0.70,2.79,0.43,2.96,3.40,0.85,0.85,0.84,3.73,0.90,0.62,0.92,0.28
12X511,Bronx Envision Academy,3.98,0.83,4.23,0.93,3.71,0.69,0.70,2.71,0.54,3.56,3.99,0.85,0.84,0.84,3.35,0.89,0.74,0.81,0.25
12X521,The Metropolitan Soundview High School,3.07,0.77,3.50,0.84,3.28,0.67,0.70,2.57,0.43,2.22,4.00,0.85,0.88,0.84,3.57,0.88,0.55,0.74,0.12
12X550,High School of World Cultures,2.56,0.76,2.71,0.82,2.65,0.74,0.70,4.00,0.54,2.03,2.40,0.85,0.87,0.84,3.63,0.87,0.81,0.91,0.87
12X682,Fannie Lou Hamer Freedom High School,3.99,0.83,3.80,0.91,3.51,0.75,0.70,2.21,0.39,2.11,4.13,0.85,0.92,0.84,4.28,0.93,0.70,0.94,0.57
12X684,Wings Academy,2.83,0.69,3.67,0.79,2.33,0.60,0.70,2.71,0.38,1.86,3.48,0.85,0.82,0.84,2.83,0.84,0.78,0.52,0.24
13K265,Dr. Susan S. McKinney Secondary School of the Arts,2.99,0.76,2.90,0.78,2.70,0.68,0.72,2.21,0.40,1.42,3.27,0.84,0.88,0.86,3.82,0.89,0.59,0.79,0.11
13K350,Urban Assembly School for Music and Art,2.99,0.86,3.65,0.86,3.30,0.82,0.72,3.30,0.44,1.93,3.52,0.85,0.91,0.86,3.60,0.87,0.40,0.79,0.54
13K412,Brooklyn Community Arts & Media High School (BCAM),3.46,0.78,3.95,0.85,3.37,0.65,0.72,2.79,0.54,2.86,3.92,0.85,0.91,0.86,3.55,0.90,0.88,0.90,0.25
13K419,"Science Skills Center High School for Science, Tec",3.01,0.79,3.85,0.83,3.41,0.63,0.72,4.04,0.83,4.75,3.40,0.85,0.91,0.86,2.91,0.83,0.81,0.85,0.26
13K430,Brooklyn Technical High School,4.32,0.83,3.80,0.75,4.05,0.77,0.72,2.50,0.91,3.89,4.16,0.85,0.75,0.86,3.34,0.85,0.52,0.49,0.35
13K439,Brooklyn International High School,4.89,0.89,4.91,0.98,4.34,0.86,0.72,4.99,0.67,3.39,4.28,0.85,0.87,0.86,4.78,0.97,0.89,1.00,0.68
13K483,The Urban Assembly School for Law and Justice,4.68,0.81,4.41,0.87,3.66,0.75,0.72,4.08,0.65,2.43,4.13,0.85,0.89,0.86,3.69,0.90,0.90,0.97,0.52
13K499,ACORN Community High School,2.62,0.57,3.06,0.74,3.38,0.68,0.72,1.95,0.48,3.30,2.99,0.85,0.74,0.86,2.40,0.80,0.70,0.71,0.13
13K527,Urban Assembly Institute of Math and Science for Y,2.15,0.74,2.85,0.77,2.49,0.66,0.72,2.00,0.52,1.81,2.70,0.84,0.86,0.86,3.66,0.87,0.90,1.00,0.64
13K595,Bedford Academy High School,4.79,0.85,4.49,0.89,3.92,0.76,0.72,2.93,0.80,3.20,4.51,0.85,0.94,0.86,3.88,0.92,0.98,1.00,0.57
13K605,George Westinghouse Career and Technical Education,3.20,0.71,2.99,0.73,2.88,0.60,0.72,3.20,0.64,2.77,3.21,0.85,0.82,0.86,2.77,0.83,0.77,0.87,0.35
13K670,Benjamin Banneker Academy,2.77,0.82,3.24,0.87,2.56,0.70,0.72,2.71,0.56,1.07,3.23,0.85,0.85,0.86,3.34,0.87,0.50,0.52,0.13
13K674,"City Polytechnic High School of Engineering, Archi",2.49,0.73,2.97,0.74,3.06,0.69,0.72,3.30,0.64,1.93,3.00,0.85,0.83,0.86,2.91,0.84,0.62,0.69,0.15
14K071,Juan Morel Campos Secondary School,3.62,0.85,3.63,0.85,4.31,0.85,0.72,3.20,0.62,4.67,3.96,0.84,0.93,0.86,4.10,0.91,0.87,0.99,0.95
14K449,"Brooklyn Latin School, The",4.73,0.85,4.16,0.85,3.26,0.79,0.72,1.75,0.67,1.01,3.05,0.85,0.79,0.86,3.85,0.91,0.95,0.87,0.25
14K454,The Williamsburg High School of Art and Technology,4.02,0.83,4.13,0.89,2.97,0.72,0.72,3.30,0.48,1.88,3.72,0.85,0.91,0.86,4.03,0.92,0.70,0.58,0.24
14K474,PROGRESS High School for Professional Careers,4.61,0.95,4.14,0.98,4.61,0.92,0.72,3.10,0.58,4.16,4.05,0.85,0.85,0.86,3.60,0.92,0.77,0.84,0.54
14K477,East Williamsburg Scholars Academy,2.57,0.73,3.12,0.83,2.87,0.72,0.72,1.60,0.34,1.77,3.30,0.85,0.96,0.86,4.14,0.91,0.50,0.75,0.67
14K478,"The High School for Enterprise, Business and Techn",3.72,0.75,3.20,0.76,3.54,0.67,0.72,3.70,0.62,3.70,3.11,0.85,0.83,0.86,3.10,0.82,0.72,0.68,0.23
14K488,Brooklyn Preparatory High School,3.59,0.82,4.33,0.86,3.30,0.72,0.72,2.57,0.52,1.57,3.80,0.85,0.85,0.86,3.78,0.89,0.77,0.71,0.23
14K558,Williamsburg High School for Architecture and Desi,4.21,N/A,4.81,N/A,4.68,N/A,0.72,2.93,0.79,4.38,4.36,0.85,N/A,0.86,4.63,N/A,N/A,N/A,N/A
14K561,Williamsburg Preparatory School,3.90,0.80,4.59,0.91,4.07,0.77,0.72,3.50,0.70,3.47,3.77,0.85,0.82,0.86,4.10,0.94,0.82,0.93,0.53
14K586,Lyons Community School,3.61,0.85,3.95,0.93,2.85,0.70,0.72,2.36,0.44,2.05,4.24,0.84,0.90,0.86,4.20,0.93,0.75,1.00,0.15
14K610,Automotive High School,3.38,0.76,3.17,0.71,2.81,0.66,0.72,2.64,0.46,2.10,3.24,0.85,0.78,0.86,2.82,0.81,0.74,0.85,0.39
14K614,Young Women's Leadership School of Brooklyn,3.40,0.80,2.68,0.75,3.71,0.69,0.72,2.43,0.63,2.92,3.64,0.84,0.93,0.86,3.28,0.85,0.86,0.83,0.72
14K685,El Puente Academy for Peace and Justice,4.43,0.86,4.58,0.91,3.82,0.77,0.72,2.79,0.51,2.75,4.19,0.85,0.87,0.86,4.14,0.93,0.74,1.00,0.52
15K429,Digital Arts and Cinema Technology High School,3.96,0.83,4.02,0.87,3.83,0.76,0.72,1.65,0.64,3.08,4.21,0.85,0.83,0.86,3.68,0.88,0.95,1.00,0.46
15K448,Brooklyn Secondary School for Collaborative Studie,4.04,0.75,4.15,0.81,3.22,0.70,0.72,1.70,0.57,1.92,3.01,0.84,0.89,0.86,3.65,0.88,0.69,0.74,0.26
15K462,John Jay School for Law,4.61,0.80,4.11,0.80,2.98,0.64,0.72,3.80,0.53,1.58,3.34,0.85,0.77,0.86,2.85,0.85,0.80,0.94,0.27
15K463,Secondary School for Journalism,2.38,0.80,2.49,0.70,2.59,0.69,0.72,2.86,0.46,1.72,3.34,0.85,0.90,0.86,3.48,0.83,0.88,0.88,0.30
15K464,Park Slope Collegiate,4.16,0.79,3.99,0.78,3.26,0.65,0.72,2.50,0.55,1.65,3.51,0.84,0.89,0.86,3.23,0.86,0.77,0.65,0.23
15K497,The Boerum Hill School for International Studies,3.82,0.80,4.00,0.86,3.29,0.68,0.72,1.95,0.49,1.52,3.89,0.84,0.87,0.86,3.64,0.89,0.83,0.92,0.42
15K519,Cobble Hill School of American Studies,3.94,0.82,3.12,0.75,3.15,0.69,0.72,4.38,0.48,1.98,3.35,0.85,0.80,0.86,2.78,0.83,0.57,0.85,0.19
15K592,Khalil Gibran International Academy,3.54,0.82,3.94,0.77,3.56,0.73,0.72,4.69,0.54,2.08,3.65,0.85,0.82,0.86,4.08,0.92,0.64,0.86,0.43
15K656,Brooklyn High School of the Arts,3.53,0.80,3.97,0.86,3.32,0.71,0.72,1.60,0.67,2.04,3.92,0.85,0.86,0.86,3.90,0.92,0.91,0.88,0.33
15K667,Sunset Park High School,3.28,0.74,3.14,0.68,3.60,0.74,0.72,2.21,0.55,2.54,3.49,0.85,0.81,0.86,3.00,0.79,0.78,0.85,0.25
15K684,Millennium Brooklyn HS,4.11,0.89,4.49,0.89,4.27,0.85,0.72,1.95,0.88,3.65,3.98,0.85,0.88,0.86,4.33,0.94,0.84,0.98,0.55
16K455,Boys and Girls High School,2.86,0.82,3.47,0.83,3.16,0.67,0.72,2.86,0.52,3.34,3.62,0.85,0.90,0.86,3.31,0.87,0.70,0.85,0.39
16K498,Brooklyn High School for Law and Technology,2.49,0.73,3.13,0.77,2.96,0.66,0.72,2.14,0.55,2.87,2.73,0.85,0.82,0.86,,0.85,0.40,0.40,0.12
16K594,Gotham Professional Arts Academy,4.11,0.78,4.19,0.83,3.49,0.74,0.72,3.80,0.40,1.82,2.98,0.85,0.86,0.86,3.49,0.87,0.84,0.94,0.29
16K688,The Brooklyn Academy of Global Finance,2.65,0.78,3.34,0.89,3.20,0.78,0.72,3.10,0.46,3.52,3.20,0.85,0.88,0.86,4.21,0.93,0.70,1.00,0.44
16K765,Nelson Mandela High School,2.78,0.81,2.85,0.79,2.76,0.75,0.72,2.29,0.30,1.13,2.91,0.85,0.84,0.86,3.11,0.86,0.98,1.00,0.25
17K122,Pathways in Technology Early College High School (,3.49,0.80,3.55,0.85,4.21,0.73,0.72,3.00,0.82,4.46,4.06,0.85,0.91,0.86,4.07,0.92,0.45,1.00,0.69
17K382,Academy for College Preparation and Career Explora,2.86,0.74,3.54,0.76,3.07,0.65,0.72,3.20,0.52,2.34,3.33,0.84,0.82,0.86,2.51,0.80,0.81,0.87,0.18
17K408,Academy of Hospitality and Tourism,3.31,0.85,3.95,0.94,3.64,0.77,0.72,3.90,0.57,3.66,3.79,0.85,0.92,0.86,4.13,0.92,0.91,1.00,0.74
17K524,International High School at Prospect Heights,4.78,0.86,4.79,0.96,3.95,0.81,0.72,4.99,0.68,4.05,4.30,0.85,0.86,0.86,4.38,0.95,0.83,0.89,0.28
17K528,The High School for Global Citizenship,4.13,0.78,4.13,0.81,3.72,0.69,0.72,4.15,0.59,3.25,3.02,0.85,0.80,0.86,3.36,0.86,0.97,1.00,0.42
17K531,"School for Human Rights, The",3.56,0.83,3.66,0.88,3.67,0.70,0.72,2.57,0.70,4.18,4.05,0.84,0.84,0.86,3.61,0.89,0.94,1.00,0.70
17K537,High School for Youth and Community Development at,3.88,0.80,4.38,0.88,3.83,0.71,0.72,2.79,0.58,3.53,4.05,0.85,0.89,0.86,4.11,0.93,0.67,1.00,0.52
17K539,High School for Service & Learning at Erasmus,3.42,0.76,3.64,0.77,2.97,0.63,0.72,2.21,0.56,3.39,3.47,0.85,0.91,0.86,3.48,0.86,0.47,0.92,0.31
17K543,"Science, Technology and Research Early College Hig",4.13,0.90,4.77,0.94,4.37,0.80,0.72,1.95,0.91,4.20,4.17,0.84,0.89,0.86,3.91,0.91,0.80,0.85,0.29
17K546,High School for Public Service: Heroes of Tomorrow,3.60,0.83,2.90,0.86,3.87,0.74,0.72,1.00,0.85,4.39,3.73,0.85,0.89,0.86,4.03,0.92,0.91,0.77,0.37
17K547,Brooklyn Academy of Science and the Environment,3.09,0.78,3.22,0.79,3.60,0.69,0.72,4.12,0.67,4.11,3.41,0.85,0.84,0.86,3.56,0.88,0.78,0.85,0.28
17K548,Brooklyn School for Music & Theatre,3.01,0.76,3.38,0.81,3.48,0.65,0.72,3.10,0.59,3.95,3.38,0.85,0.87,0.86,2.91,0.84,0.84,0.90,0.52
17K590,Medgar Evers College Preparatory School,,0.78,,0.74,3.31,0.62,0.72,4.38,0.71,1.69,,0.84,0.93,0.86,,0.85,0.72,0.23,0.34
17K600,Clara Barton High School,2.50,0.73,3.17,0.76,2.60,0.59,0.72,2.57,0.64,2.84,3.41,0.85,0.81,0.86,2.75,0.82,0.67,0.78,0.20
17K745,Brooklyn Institute for Liberal Arts,3.95,0.82,3.65,0.86,4.30,0.75,0.72,4.19,0.73,4.34,3.95,0.85,0.90,0.86,3.90,0.90,0.94,1.00,0.65
17K751,Academy for Health Careers,2.82,0.82,3.79,0.83,2.56,0.67,0.72,1.80,0.45,1.63,3.04,0.85,0.82,0.86,3.02,0.87,0.78,1.00,0.12
18K563,It Takes a Village Academy,4.17,0.79,3.83,0.74,3.70,0.62,0.72,2.43,0.78,4.52,2.10,0.85,0.77,0.86,1.60,0.73,0.72,0.96,0.32
18K566,Brooklyn Generation School,3.91,0.81,3.93,0.85,4.42,0.72,0.72,4.69,0.76,4.99,3.87,0.85,0.84,0.86,3.47,0.89,0.81,0.91,0.40
18K567,Brooklyn Theatre Arts High School,2.25,0.76,2.99,0.79,2.37,0.63,0.72,4.23,0.35,1.12,2.81,0.85,0.91,0.86,3.13,0.84,0.78,0.90,0.50
18K569,Kurt Hahn Expeditionary Learning School,3.77,0.76,3.77,0.73,3.82,0.67,0.72,2.43,0.66,4.16,3.67,0.85,0.90,0.86,3.28,0.85,0.76,0.68,0.18
18K576,Victory Collegiate High School,4.30,0.70,3.43,0.68,3.49,0.65,0.72,2.57,0.62,3.28,2.58,0.85,0.86,0.86,3.55,0.87,0.65,0.85,0.12
18K617,High School for Innovation in Advertising and Medi,3.21,0.72,3.18,0.77,2.53,0.64,0.72,2.93,0.48,1.88,3.56,0.85,0.88,0.86,3.49,0.88,0.71,0.76,0.07
18K629,Cultural Academy for the Arts and Sciences,2.58,0.74,2.60,0.65,3.24,0.70,0.72,2.93,0.62,3.20,2.88,0.85,0.87,0.86,3.18,0.82,0.93,0.85,0.16
18K633,High School for Medical Professions,3.78,0.77,3.53,0.83,3.05,0.73,0.72,4.08,0.61,1.91,3.47,0.85,0.87,0.86,3.49,0.87,0.91,0.89,0.15
18K637,Academy for Conservation and the Environment,3.63,0.84,3.92,0.93,3.62,0.72,0.72,3.90,0.53,2.52,4.32,0.85,0.95,0.86,4.31,0.94,0.87,0.96,0.70
18K642,Urban Action Academy,3.55,0.72,3.50,0.76,2.80,0.62,0.72,2.64,0.39,1.61,3.47,0.85,0.82,0.86,3.12,0.84,0.83,1.00,0.20
19K404,Academy for Young Writers,3.29,0.75,3.06,0.74,3.38,0.70,0.72,4.00,0.51,1.74,3.44,0.84,0.87,0.86,3.28,0.85,0.70,0.70,0.24
19K409,East New York Family Academy,3.66,0.86,4.25,0.92,3.47,0.74,0.72,1.40,0.59,2.39,4.40,0.84,0.89,0.86,3.73,0.90,0.93,0.58,0.38
19K422,Spring Creek Community School,3.71,0.76,4.05,0.79,3.63,0.69,0.72,2.14,0.65,2.38,4.12,0.84,0.91,0.86,3.07,0.84,0.86,0.78,0.30
19K502,FDNY - Captain Vernon A. Richard High School for F,2.69,N/A,3.19,N/A,3.30,N/A,0.72,2.36,0.44,1.93,3.40,0.85,N/A,0.86,3.75,N/A,N/A,N/A,N/A
19K504,High School for Civil Rights,2.63,0.76,3.23,0.86,3.04,0.70,0.72,2.64,0.39,2.37,3.35,0.85,0.87,0.86,3.67,0.89,0.81,0.95,0.29
19K507,Performing Arts and Technology High School,3.29,0.86,3.64,0.87,3.51,0.70,0.72,1.65,0.62,4.31,3.61,0.85,0.84,0.86,3.98,0.91,0.70,0.75,0.23
19K510,World Academy for Total Community Health High Scho,2.36,0.80,3.31,0.87,3.07,0.76,0.72,2.36,0.41,1.98,3.61,0.85,0.89,0.86,4.00,0.91,0.93,1.00,0.41
19K583,Multicultural High School,3.48,0.80,4.21,0.84,4.20,0.79,0.72,,0.67,3.70,3.90,0.85,0.86,0.86,3.90,0.91,0.83,0.96,0.33
19K615,Transit Tech Career and Technical Education High S,2.78,0.71,2.95,0.73,3.52,0.63,0.72,3.60,0.66,4.21,3.07,0.85,0.79,0.86,2.52,0.81,0.59,0.82,0.16
19K618,Academy of Innovative Technology,4.39,0.83,4.37,0.86,3.77,0.75,0.72,1.95,0.62,2.91,4.13,0.85,0.88,0.86,4.02,0.93,0.65,0.86,0.17
19K639,Brooklyn Lab School,2.63,0.75,3.02,0.72,2.50,0.67,0.72,2.86,0.48,2.59,2.54,0.85,0.88,0.86,3.13,0.85,0.64,0.85,0.12
19K659,Cypress Hills Collegiate Preparatory School,3.61,0.85,4.12,0.88,3.73,0.80,0.72,4.81,0.54,2.63,3.71,0.85,0.98,0.86,3.84,0.87,0.98,1.00,0.10
19K660,W. H. Maxwell Career and Technical Education High,2.77,0.81,3.90,0.93,2.81,0.70,0.72,2.43,0.39,1.88,3.86,0.85,0.89,0.86,4.02,0.93,0.79,0.81,0.23
19K683,"The School for Classics: An Academy of Thinkers, W",3.60,0.83,4.56,0.90,3.73,0.76,0.72,2.71,0.48,2.66,4.18,0.85,0.85,0.86,4.14,0.93,0.87,0.79,0.27
19K764,The Urban Assembly School for Collaborative Health,2.47,0.72,2.81,0.69,2.58,0.63,0.72,4.50,0.53,1.76,3.36,0.85,0.81,0.86,2.53,0.82,0.67,0.92,0.38
20K445,New Utrecht High School,3.53,0.81,3.66,0.87,3.06,0.71,0.72,2.07,0.66,2.58,3.46,0.85,0.78,0.86,3.14,0.87,0.74,0.74,0.04
20K485,High School of Telecommunication Arts and Technolo,4.02,0.85,4.30,0.85,4.17,0.80,0.72,3.10,0.82,4.38,4.16,0.85,0.82,0.86,3.90,0.90,0.83,0.94,0.21
20K490,Fort Hamilton High School,3.93,0.82,3.61,0.86,3.57,0.72,0.72,2.57,0.72,2.76,4.10,0.85,0.77,0.86,3.24,0.86,0.72,0.79,0.25
20K505,Franklin Delano Roosevelt High School,2.54,0.74,2.95,0.72,2.96,0.69,0.72,2.21,0.60,2.61,2.79,0.85,0.75,0.86,2.49,0.76,0.73,0.73,0.35
20K609,Urban Assembly School for Criminal Justice,4.36,0.86,3.89,0.91,3.87,0.81,0.72,2.93,0.63,2.16,4.12,0.84,0.83,0.86,4.13,0.93,0.96,0.98,0.63
21K337,International High School at Lafayette,4.05,0.84,3.71,0.87,3.93,0.82,0.72,4.99,0.70,3.78,3.62,0.85,0.82,0.86,4.22,0.93,0.89,0.93,0.52
21K344,Rachel Carson High School for Coastal Studies,3.11,0.80,2.97,0.72,2.92,0.74,0.72,2.86,0.54,1.73,3.26,0.85,0.78,0.86,3.60,0.87,0.87,0.58,0.44
21K348,High School of Sports Management,2.35,0.78,2.90,0.78,2.53,0.67,0.72,3.50,0.34,1.00,3.47,0.85,0.90,0.86,3.68,0.87,0.77,1.00,0.14
21K410,Abraham Lincoln High School,3.87,0.81,4.00,0.87,3.75,0.72,0.72,2.71,0.64,3.13,3.60,0.85,0.81,0.86,3.52,0.87,0.68,0.90,0.10
21K468,Kingsborough Early College School,4.76,0.86,4.83,0.97,3.38,0.68,0.72,2.21,0.76,2.37,4.62,0.84,0.88,0.86,4.31,0.94,0.88,0.95,0.38
21K525,Edward R. Murrow High School,3.18,0.82,4.37,0.86,3.85,0.76,0.72,2.07,0.77,3.33,3.89,0.85,0.83,0.86,3.83,0.91,0.77,0.87,0.14
21K540,John Dewey High School,3.14,0.81,3.61,0.86,3.85,0.71,0.72,3.00,0.79,4.34,3.83,0.85,0.76,0.86,3.52,0.89,0.75,0.81,0.38
21K559,Life Academy High School for Film and Music,2.99,0.64,2.56,0.66,2.48,0.57,0.72,3.10,0.58,2.37,3.12,0.85,0.79,0.86,2.06,0.77,0.61,0.59,0.12
21K572,Expeditionary Learning School for Community Leader,4.37,0.85,4.69,0.94,3.44,0.78,0.72,2.36,0.52,1.54,4.37,0.85,0.84,0.86,4.03,0.93,0.86,0.96,0.60
21K620,William E. Grady Career and Technical Education Hi,2.54,0.74,3.24,0.87,3.00,0.69,0.72,3.10,0.52,2.39,3.65,0.85,0.87,0.86,3.85,0.91,0.51,0.93,0.25
21K690,Brooklyn Studio Secondary School,3.58,0.83,3.55,0.84,3.30,0.70,0.72,2.93,0.57,1.70,3.41,0.84,0.79,0.86,3.09,0.84,0.79,0.46,0.24
22K405,Midwood High School,3.10,0.80,3.26,0.78,3.20,0.74,0.72,2.71,0.82,2.81,2.86,0.85,0.76,0.86,3.15,0.83,0.85,0.86,0.14
22K425,James Madison High School,2.70,0.78,2.80,0.84,3.65,0.70,0.72,2.86,0.87,4.53,3.21,0.85,0.84,0.86,3.40,0.87,0.74,0.97,0.43
22K535,Leon M. Goldstein High School for the Sciences,3.00,0.78,2.78,0.72,3.73,0.73,0.72,1.70,0.91,4.11,3.02,0.85,0.79,0.86,3.03,0.84,0.70,0.62,0.22
22K555,Brooklyn College Academy,4.54,0.89,4.64,0.93,4.44,0.87,0.72,1.80,0.89,4.04,4.03,0.85,0.83,0.86,4.47,0.95,0.93,1.00,0.41
22K611,Origins High School,3.59,0.83,4.33,0.94,3.12,0.73,0.72,4.12,0.48,1.41,4.17,0.85,0.90,0.86,4.34,0.94,0.81,0.79,0.33
23K493,Brooklyn Collegiate: A College Board School,3.20,0.84,4.16,0.91,3.69,0.79,0.72,4.15,0.55,3.41,4.18,0.85,0.95,0.86,4.59,0.96,0.83,1.00,0.38
23K514,Frederick Douglass Academy VII High School,3.42,0.77,3.43,0.81,4.00,0.80,0.72,3.50,0.50,3.80,3.52,0.85,0.88,0.86,3.68,0.88,0.91,1.00,0.81
23K644,Eagle Academy for Young Men II,3.63,0.86,3.99,0.93,4.32,0.81,0.72,2.71,0.68,3.45,4.50,0.84,0.94,0.86,4.64,0.96,0.67,0.80,0.53
23K697,Teachers Preparatory High School,2.62,0.78,3.18,0.84,2.89,0.68,0.72,3.80,0.48,2.89,3.01,0.84,0.86,0.86,3.14,0.86,0.58,0.88,0.41
24Q236,International High School for Health Sciences,3.64,0.84,3.97,0.95,3.74,0.82,0.72,4.80,0.65,2.52,4.13,0.85,0.87,0.84,4.30,0.94,0.87,1.00,0.63
24Q264,Academy of Finance and Enterprise,4.05,0.85,4.50,0.89,3.82,0.77,0.72,4.27,0.76,2.61,3.81,0.85,0.86,0.84,3.74,0.90,0.94,1.00,0.99
24Q267,High School of Applied Communication,3.40,0.67,3.56,0.71,2.84,0.58,0.72,4.46,0.63,1.82,2.52,0.85,0.79,0.84,2.20,0.79,0.91,0.93,0.20
24Q293,Civic Leadership Academy,4.01,0.83,4.02,0.78,3.11,0.75,0.72,3.30,0.67,2.05,2.42,0.85,0.81,0.84,3.23,0.83,0.95,1.00,0.63
24Q296,Pan American International High School,4.17,0.90,4.75,0.94,4.73,0.87,0.72,4.99,0.73,4.52,4.06,0.85,0.89,0.84,4.53,0.96,0.97,0.88,0.73
24Q299,Bard High School Early College Queens,4.88,0.91,3.92,0.77,4.52,0.85,0.72,2.79,0.96,4.54,3.66,0.85,0.86,0.84,3.90,0.89,0.80,0.60,0.40
24Q455,Newtown High School,3.40,0.89,3.62,0.95,4.12,0.81,0.72,1.85,0.75,4.38,4.16,0.85,0.83,0.84,4.01,0.93,0.75,0.79,0.57
24Q485,Grover Cleveland High School,2.67,0.78,3.24,0.78,2.95,0.67,0.72,2.14,0.56,1.99,3.03,0.85,0.80,0.84,2.73,0.81,0.66,0.45,0.21
24Q520,Middle College High School at LaGuardia Community,3.72,0.87,3.83,0.90,4.12,0.80,0.72,3.40,0.83,4.23,3.78,0.85,0.80,0.84,4.22,0.94,0.76,0.89,0.57
24Q530,International High School at LaGuardia Community C,4.18,0.93,4.64,0.93,4.44,0.94,0.72,4.99,0.77,3.31,4.27,0.85,0.96,0.84,4.59,0.97,0.94,0.97,0.62
24Q550,High School for Arts and Business,4.08,0.87,4.75,0.95,4.21,0.81,0.72,4.08,0.75,3.53,4.37,0.85,0.88,0.84,4.14,0.93,0.85,0.92,0.55
24Q560,"Robert F. Wagner, Jr. Secondary School for Arts an",3.69,0.87,3.67,0.80,4.33,0.79,0.72,4.00,0.81,3.41,3.52,0.84,0.87,0.84,3.84,0.89,0.75,0.68,0.52
24Q585,Maspeth High School,4.80,0.87,4.45,0.89,3.76,0.78,0.72,4.54,0.79,2.38,3.66,0.85,0.83,0.84,3.55,0.89,0.83,0.68,0.47
24Q600,Queens Vocational and Technical High School,3.14,0.80,3.01,0.80,3.71,0.72,0.72,2.43,0.78,3.69,3.47,0.85,0.84,0.84,3.52,0.87,0.84,0.80,0.19
24Q610,Aviation Career & Technical Education High School,3.93,0.84,4.28,0.85,4.38,0.78,0.72,2.71,0.95,4.60,3.74,0.85,0.82,0.84,3.58,0.88,0.92,0.87,0.25
25Q240,Veritas Academy,4.30,0.82,3.79,0.90,3.52,0.75,0.72,3.30,0.63,1.91,3.80,0.85,0.82,0.84,3.72,0.90,0.95,1.00,0.35
25Q241,Queens High School for Language Studies,3.00,0.83,4.32,0.93,4.28,0.85,0.72,4.58,0.82,3.97,4.48,0.85,0.83,0.84,4.64,0.97,0.96,0.97,0.88
25Q252,"Queens School of Inquiry, The",3.89,0.82,4.23,0.82,3.73,0.74,0.72,1.95,0.83,3.08,3.47,0.84,0.86,0.84,3.69,0.88,0.96,0.98,0.65
25Q263,Flushing International High School,4.47,0.88,4.53,0.98,4.13,0.84,0.72,4.04,0.67,2.94,4.58,0.85,0.84,0.84,4.66,0.97,0.92,0.97,0.73
25Q281,East-West School of International Studies,3.87,0.81,3.98,0.78,3.92,0.74,0.72,2.07,0.77,2.67,2.37,0.84,0.85,0.84,3.07,0.82,0.96,0.95,0.74
25Q285,World Journalism Preparatory: A College Board Scho,3.48,0.83,4.23,0.92,3.23,0.70,0.72,3.60,0.75,2.66,4.11,0.84,0.86,0.84,3.83,0.91,0.81,1.00,0.44
25Q425,John Bowne High School,3.52,0.80,4.39,0.87,2.93,0.67,0.72,2.86,0.61,1.98,3.54,0.85,0.79,0.84,3.38,0.88,0.70,0.72,0.08
25Q460,Flushing High School,2.20,0.77,3.22,0.78,2.47,0.64,0.72,2.00,0.55,1.88,3.18,0.85,0.78,0.84,2.47,0.82,0.76,0.50,0.39
25Q525,Townsend Harris High School,4.78,0.87,3.84,0.76,4.47,0.86,0.72,2.93,0.95,4.35,3.15,0.85,0.83,0.84,3.43,0.86,0.81,0.72,0.28
25Q670,Robert F. Kennedy Community High School,4.70,0.83,4.28,0.84,3.60,0.74,0.72,3.40,0.67,2.41,3.74,0.85,0.78,0.84,3.70,0.90,0.64,0.91,0.29
26Q315,Business Technology Early College High School,3.42,0.77,4.46,0.89,3.46,0.73,0.72,4.15,0.66,1.73,3.94,0.85,0.88,0.84,3.85,0.91,0.93,1.00,0.47
26Q415,Benjamin N. Cardozo High School,3.42,0.78,3.09,0.75,3.17,0.65,0.72,3.50,0.75,2.20,2.28,0.85,0.74,0.84,2.55,0.81,0.60,0.71,0.12
26Q430,Francis Lewis High School,3.63,0.84,3.74,0.89,3.85,0.78,0.72,2.14,0.82,2.95,3.61,0.85,0.77,0.84,3.90,0.91,0.86,0.62,0.28
26Q435,Martin Van Buren High School,3.12,0.80,3.84,0.82,3.47,0.66,0.72,4.15,0.65,2.86,4.04,0.85,0.83,0.84,3.29,0.86,0.77,0.99,0.22
26Q495,Bayside High School,4.23,0.80,3.53,0.85,3.65,0.70,0.72,3.90,0.80,3.06,3.97,0.85,0.80,0.84,3.19,0.85,0.90,0.87,0.29
26Q566,"Queens High School of Teaching, Liberal Arts and t",3.80,0.62,2.71,0.61,3.24,0.61,0.72,4.15,0.73,2.89,3.45,0.85,0.80,0.84,1.70,0.73,0.80,0.54,0.13
27Q260,Frederick Douglass Academy VI High School,3.14,0.63,2.94,0.61,2.72,0.58,0.72,3.20,0.41,2.34,2.92,0.85,0.75,0.84,1.99,0.74,0.61,0.91,0.15
27Q262,Channel View School for Research,4.38,0.84,4.56,0.91,3.46,0.73,0.72,2.64,0.59,1.62,4.00,0.84,0.86,0.84,3.77,0.90,0.91,0.99,0.62
27Q302,"Queens High School for Information, Research, and",4.00,0.84,4.71,0.95,3.64,0.79,0.72,4.15,0.50,1.81,4.24,0.85,0.88,0.84,4.18,0.94,0.81,0.90,0.28
27Q308,Robert H. Goddard High School of Communication Art,4.15,0.89,4.59,0.92,4.16,0.81,0.72,3.50,0.78,3.50,4.29,0.85,0.85,0.84,4.00,0.92,0.92,0.98,0.54
27Q309,Academy of Medical Technology: A College Board Sch,3.02,0.77,3.56,0.84,3.35,0.69,0.72,3.80,0.51,1.85,3.84,0.84,0.85,0.84,3.98,0.91,0.51,0.86,0.18
27Q314,Epic High School - South,2.96,0.77,3.16,0.79,2.73,0.66,0.72,2.64,0.50,1.42,3.46,0.85,0.82,0.84,3.34,0.86,0.58,0.72,0.19
27Q323,Scholars' Academy,4.78,0.87,4.50,0.89,4.22,0.81,0.72,1.35,0.87,3.19,4.04,0.84,0.92,0.84,4.03,0.91,0.69,0.99,0.48
27Q324,Rockaway Park High School for Environmental Sustai,2.93,0.73,3.49,0.78,3.00,0.71,0.72,2.57,0.39,1.54,3.28,0.85,0.77,0.84,3.50,0.88,0.72,0.76,0.43
27Q334,Epic High School - North,3.49,0.81,3.74,0.89,3.36,0.76,0.72,4.50,0.41,1.00,4.01,0.85,0.86,0.84,4.11,0.93,0.75,0.88,0.50
27Q351,Rockaway Collegiate High School,2.80,0.70,2.87,0.70,2.15,0.63,0.72,1.00,0.41,1.67,3.06,0.85,0.84,0.84,2.61,0.80,0.75,0.71,0.18
27Q400,August Martin High School,3.82,0.78,4.44,0.89,3.42,0.67,0.72,4.31,0.49,2.53,4.40,0.85,0.89,0.84,3.85,0.92,0.83,0.90,0.56
27Q475,Richmond Hill High School,3.83,0.79,4.30,0.85,3.66,0.70,0.72,3.00,0.63,3.06,4.16,0.85,0.84,0.84,3.63,0.89,0.50,0.85,0.08
27Q480,John Adams High School,3.82,0.79,4.24,0.83,3.10,0.65,0.72,2.79,0.60,2.71,3.67,0.85,0.79,0.84,2.92,0.84,0.76,0.96,0.27
27Q650,"High School for Construction Trades, Engineering a",4.15,0.78,4.10,0.81,3.71,0.71,0.72,4.42,0.81,2.86,2.76,0.85,0.83,0.84,2.84,0.82,0.77,0.86,0.26
28Q157,J.H.S. 157 Stephen A. Halsey,4.70,0.85,4.06,0.81,3.54,0.73,0.72,1.00,0.77,3.30,3.55,N/A,0.88,0.84,3.40,0.87,0.93,0.84,0.46
28Q167,Metropolitan Expeditionary Learning School,3.86,0.81,4.58,0.91,3.94,0.75,0.72,2.93,0.76,2.99,4.09,0.84,0.89,0.84,4.02,0.92,0.84,0.91,0.50
28Q284,York Early College Academy,4.11,0.88,3.50,0.82,4.05,0.78,0.72,3.60,0.85,3.27,3.65,0.84,0.90,0.84,3.49,0.86,0.94,0.97,0.82
28Q310,Queens Collegiate: A College Board School,3.30,0.75,2.53,0.66,2.85,0.66,0.72,3.50,0.65,2.24,2.89,0.84,0.83,0.84,2.71,0.80,0.89,0.88,0.19
28Q325,Hillside Arts & Letters Academy,4.40,0.87,4.83,0.97,4.06,0.79,0.72,4.42,0.66,3.20,4.84,0.85,0.88,0.84,4.51,0.96,0.83,1.00,0.51
28Q328,High School for Community Leadership,3.58,0.84,4.64,0.92,3.55,0.79,0.72,2.93,0.54,1.71,4.22,0.85,0.87,0.84,4.09,0.93,0.60,0.77,0.13
28Q350,Jamaica Gateway to the Sciences,4.07,0.86,4.33,0.85,4.03,0.78,0.72,3.90,0.74,3.27,3.92,0.85,0.86,0.84,3.59,0.89,0.60,0.94,0.29
28Q440,Forest Hills High School,3.42,0.77,3.53,0.75,3.37,0.69,0.72,3.40,0.75,2.41,3.21,0.85,0.82,0.84,2.66,0.77,0.37,0.61,0.08
28Q505,Hillcrest High School,4.30,0.81,3.57,0.85,3.47,0.69,0.72,2.71,0.64,2.66,3.69,0.85,0.82,0.84,3.63,0.90,0.49,0.65,0.10
28Q620,Thomas A. Edison Career and Technical Education Hi,3.50,0.81,3.43,0.81,3.81,0.75,0.72,2.79,0.82,3.00,4.18,0.85,0.79,0.84,3.17,0.84,0.95,0.98,0.62
28Q680,Queens Gateway to Health Sciences Secondary School,3.51,0.73,2.65,0.69,3.60,0.65,0.72,4.35,0.88,3.78,2.85,0.84,0.56,0.84,1.10,0.57,0.98,1.00,0.53
28Q686,Queens Metropolitan High School,3.52,0.79,2.81,0.70,3.83,0.71,0.72,3.90,0.78,3.27,2.87,0.85,0.81,0.84,2.35,0.76,0.85,0.38,0.24
28Q687,Queens High School for the Sciences at York Colleg,3.23,0.75,2.65,0.63,4.18,0.75,0.72,,0.95,4.42,3.11,0.85,0.81,0.84,2.52,0.73,0.98,0.93,0.28
28Q690,High School for Law Enforcement and Public Safety,3.35,0.77,3.22,0.77,3.34,0.63,0.72,4.19,0.68,3.78,3.13,0.85,0.77,0.84,2.30,0.80,0.83,0.95,0.23
28Q896,"Young Women's Leadership School, Queens",3.91,0.82,4.07,0.80,3.91,0.71,0.72,2.93,0.79,3.38,3.55,0.84,0.84,0.84,3.53,0.87,0.88,0.92,0.40
29Q243,Institute for Health Professions at Cambria Height,3.52,0.81,3.41,0.82,2.91,0.73,0.72,3.00,0.55,1.61,3.60,0.85,0.85,0.84,3.85,0.91,0.77,0.88,0.15
29Q248,Queens Preparatory Academy,3.13,0.71,3.08,0.76,2.97,0.62,0.72,4.23,0.56,2.51,3.17,0.85,0.87,0.84,2.26,0.79,0.74,0.70,0.18
29Q259,Pathways College Preparatory School: A College Boa,2.92,0.75,3.06,0.76,3.19,0.63,0.72,1.30,0.74,3.92,3.03,0.84,0.91,0.84,3.51,0.88,0.86,0.84,0.26
29Q265,Excelsior Preparatory High School,3.94,0.83,4.31,0.86,3.71,0.70,0.72,2.79,0.63,3.22,3.90,0.85,0.87,0.84,3.81,0.89,0.70,0.71,0.13
29Q272,George Washington Carver High School for the Scien,2.81,0.82,3.48,0.83,3.54,0.68,0.72,1.70,0.63,3.13,3.08,0.85,0.79,0.84,3.26,0.85,0.69,0.58,0.14
29Q283,Preparatory Academy for Writers: A College Board S,4.25,0.80,4.28,0.84,3.33,0.66,0.72,1.70,0.63,2.15,3.51,0.84,0.89,0.84,3.14,0.86,0.75,0.79,0.08
29Q313,Benjamin Franklin High School for Finance & Inform,3.00,0.83,3.83,0.92,2.61,0.68,0.72,1.30,0.56,1.79,3.64,0.85,0.87,0.84,3.78,0.92,0.80,1.00,0.27
29Q326,Cambria Heights Academy,3.34,0.75,3.57,0.78,3.59,0.65,0.72,3.10,0.70,3.48,3.56,0.85,0.84,0.84,3.38,0.86,0.93,1.00,0.67
29Q327,Eagle Academy for Young Men III,3.40,0.79,2.96,0.80,2.96,0.62,0.72,3.60,0.59,1.92,3.56,0.84,0.88,0.84,3.17,0.86,0.64,0.57,0.25
29Q492,"Mathematics, Science Research and Technology Magne",3.51,0.68,3.10,0.73,3.11,0.65,0.72,4.27,0.54,1.79,3.42,0.85,0.83,0.84,3.55,0.89,0.74,0.96,0.28
29Q498,Humanities & Arts Magnet High School,3.55,0.80,3.33,0.80,2.72,0.65,0.72,2.57,0.55,2.29,3.74,0.85,0.76,0.84,3.00,0.83,0.79,0.96,0.41
30Q258,Energy Tech High School,3.89,0.80,3.74,0.90,3.89,0.75,0.72,4.19,0.76,3.02,4.03,0.85,0.86,0.84,3.91,0.92,0.77,0.92,0.37
30Q286,"Young Women's Leadership School, Astoria",4.44,0.86,4.14,0.81,4.06,0.81,0.72,3.90,0.83,3.73,3.37,0.84,0.86,0.84,3.38,0.80,0.72,0.81,0.40
30Q301,Academy for Careers in Television and Film,4.78,0.86,4.63,0.93,4.19,0.79,0.72,4.31,0.80,3.52,4.14,0.85,0.88,0.84,4.06,0.93,0.95,1.00,0.60
30Q445,William Cullen Bryant High School,2.56,0.74,2.86,0.70,2.98,0.65,0.72,3.10,0.67,3.03,2.86,0.85,0.78,0.84,2.45,0.77,0.64,0.76,0.12
30Q450,Long Island City High School,3.73,0.77,4.23,0.83,3.02,0.62,0.72,4.12,0.62,2.10,4.05,0.85,0.83,0.84,3.17,0.85,0.76,0.95,0.13
30Q501,Frank Sinatra School of the Arts High School,3.92,0.82,3.88,0.77,3.70,0.76,0.72,2.57,0.80,2.62,3.64,0.85,0.88,0.84,3.83,0.91,0.91,0.87,0.29
30Q502,Information Technology High School,2.52,0.73,3.17,0.76,3.01,0.68,0.72,2.14,0.67,2.70,2.99,0.85,0.80,0.84,2.76,0.80,0.71,0.91,0.19
30Q555,Newcomers High School,4.66,0.82,4.32,0.85,4.48,0.78,0.72,,0.72,4.68,3.59,0.85,0.83,0.84,3.70,0.88,0.80,0.55,0.23
30Q575,Academy of American Studies,3.87,0.81,3.48,0.77,3.30,0.67,0.72,4.00,0.83,2.97,3.27,0.85,0.80,0.84,3.04,0.83,0.95,0.75,0.33
30Q580,Baccalaureate School for Global Education,3.74,0.88,3.27,0.86,3.79,0.81,0.72,4.58,0.90,3.72,2.98,0.84,0.85,0.84,3.48,0.88,0.94,0.44,0.36
31R028,The Eagle Academy for Young Men of Staten Island,3.14,0.80,4.02,0.87,3.36,0.69,0.72,,0.76,,3.74,0.84,0.91,0.85,3.95,0.91,0.90,1.00,0.45
31R047,CSI High School for International Studies,4.89,0.89,4.50,0.89,4.41,0.84,0.72,3.50,0.89,4.03,4.17,0.85,0.88,0.85,3.94,0.92,0.97,0.66,0.72
31R064,Gaynor McCown Expeditionary Learning School,3.84,0.79,4.23,0.83,3.53,0.72,0.72,2.14,0.73,2.62,4.41,0.85,0.83,0.85,3.29,0.87,0.96,0.92,0.71
31R080,The Michael J. Petrides School,4.57,0.81,4.53,0.87,3.50,0.67,0.72,2.50,0.72,2.38,3.28,0.83,0.89,0.85,3.05,0.84,0.97,0.75,0.31
31R440,New Dorp High School,4.26,0.81,4.06,0.88,3.84,0.68,0.72,2.86,0.79,4.08,4.70,0.85,0.85,0.85,3.83,0.91,0.90,1.00,0.34
31R445,Port Richmond High School,2.67,0.78,2.78,0.76,3.18,0.72,0.72,2.07,0.61,2.87,2.02,0.85,0.85,0.85,2.38,0.77,0.50,0.61,0.23
31R450,Curtis High School,3.06,0.77,3.42,0.83,3.24,0.67,0.72,3.90,0.62,2.78,3.87,0.85,0.82,0.85,3.45,0.89,0.66,0.87,0.18
31R455,Tottenville High School,3.35,0.76,3.22,0.76,3.07,0.69,0.72,2.86,0.74,2.14,3.55,0.85,0.82,0.85,2.69,0.81,0.84,0.86,0.39
31R460,Susan E. Wagner High School,3.46,0.79,3.60,0.86,3.49,0.70,0.72,2.14,0.73,2.73,3.74,0.85,0.79,0.85,3.52,0.88,0.84,0.95,0.43
31R600,Ralph R. McKee Career and Technical Education High,2.76,0.81,3.55,0.85,3.02,0.67,0.72,1.15,0.62,2.54,3.62,0.85,0.87,0.85,3.57,0.88,0.79,0.81,0.16
31R605,Staten Island Technical High School,4.59,0.92,4.45,0.88,4.61,0.89,0.72,4.73,0.93,4.11,3.91,0.85,0.86,0.85,4.25,0.94,0.93,0.94,0.88
32K168,The Brooklyn School for Math and Research,4.38,0.84,4.16,0.81,4.10,0.73,0.72,3.50,0.71,4.03,3.87,0.85,0.87,0.86,3.90,0.91,0.89,1.00,0.22
32K403,Academy for Environmental Leadership,3.18,0.70,3.29,0.72,3.10,0.70,0.72,3.50,0.40,1.85,3.01,0.85,0.84,0.86,3.61,0.87,0.73,0.96,0.91
32K545,EBC High School for Public Service - Bushwick,3.53,0.81,3.52,0.84,3.17,0.73,0.72,4.42,0.47,2.23,3.61,0.85,0.87,0.86,,0.90,0.69,0.35,0.23
32K549,The Brooklyn School for Social Justice,3.27,0.72,2.29,0.66,2.91,0.68,0.72,3.00,0.34,1.57,2.70,0.85,0.88,0.86,3.48,0.86,0.61,0.89,0.49
32K552,The Academy of Urban Planning and Engineering,3.49,0.81,3.77,0.90,4.08,0.78,0.72,2.93,0.73,4.99,3.89,0.85,0.91,0.86,4.16,0.93,0.95,1.00,0.83
32K554,All City Leadership Secondary School,4.61,0.95,4.84,0.96,4.54,0.92,0.72,4.19,0.80,2.77,4.84,0.84,0.91,0.86,4.52,0.96,0.88,1.00,0.40
32K556,Bushwick Leaders High School for Academic Excellen,2.91,0.71,3.62,0.86,3.32,0.73,0.72,2.71,0.43,2.32,3.46,0.85,0.91,0.86,3.77,0.87,0.89,0.56,0.26
84K356,Achievement First Crown Heights Charter School,,0.74,,0.80,3.58,0.69,0.72,4.27,0.94,4.44,,N/A,0.85,0.86,,0.81,0.72,0.09,0.18
84K357,KIPP AMP Charter School,3.87,0.82,3.88,0.84,,0.78,0.72,2.29,0.77,2.95,3.92,N/A,0.89,0.86,4.09,0.92,0.24,0.55,0.16
84K358,Achievement First East New York Charter School,,0.76,,0.81,3.95,0.75,0.72,1.00,0.93,4.35,,N/A,0.93,0.86,,0.92,0.81,0.19,0.12
84K359,The Uft Charter School,3.11,0.77,3.78,0.83,3.46,0.71,0.72,4.00,0.53,2.65,3.80,0.85,0.80,0.86,3.64,0.90,0.92,0.96,0.29
84K473,Williamsburg Charter High School,3.57,0.78,3.19,0.74,2.86,0.68,0.72,1.80,0.57,1.95,3.08,0.85,0.82,0.86,3.16,0.84,0.92,0.90,0.54
84K508,Achievement First Endeavor Charter School,,0.74,,0.80,,0.69,0.72,2.43,0.85,3.56,,N/A,0.85,0.86,,0.81,0.72,0.09,0.18
84K517,Leadership Prep Bedford Stuyvesant Uncommon Prep C,4.19,0.84,3.25,0.77,,0.70,0.72,2.91,,,3.06,0.83,0.90,0.86,3.23,0.84,0.65,0.61,0.40
84K538,Achievement First Bushwick Charter School,,0.76,,0.81,,0.75,0.72,2.50,0.97,4.73,,N/A,0.93,0.86,,0.92,0.81,0.19,0.12
84K608,Kings Collegiate Charter School,4.04,0.82,3.67,0.82,3.97,0.69,0.72,,0.88,,3.76,0.83,0.91,0.86,3.94,0.90,0.92,0.91,0.69
84K626,Achievement First Brownsville Charter School,4.34,0.85,4.03,0.85,4.26,0.73,0.72,2.07,0.89,3.93,3.56,0.83,0.89,0.86,,0.87,0.46,0.37,0.19
84K652,Brooklyn Ascend Charter School,2.88,0.75,2.38,0.68,3.87,0.65,0.72,2.93,0.92,4.62,2.41,0.83,0.89,0.86,2.87,0.83,0.94,0.95,0.78
84K693,Northside Charter High School,2.70,0.71,3.48,0.79,3.79,0.67,0.72,2.00,0.81,4.58,2.93,0.85,0.78,0.86,3.02,0.88,0.84,0.90,0.68
84K707,Brooklyn Prospect Charter School,3.65,0.80,3.76,0.82,3.80,0.73,0.72,2.86,,,3.92,0.84,0.90,0.86,3.93,0.90,0.80,0.90,0.41
84K712,Excellence Girls Charter School,3.60,0.81,4.01,0.85,2.75,0.66,0.72,2.50,0.67,1.70,3.63,0.83,0.90,0.86,3.31,0.86,0.80,0.68,0.43
84K730,Summit Academy Charter School,3.81,0.80,3.35,0.76,4.07,0.73,0.72,2.00,0.68,3.84,3.48,0.84,0.93,0.86,3.56,0.86,0.81,0.86,0.71
84K733,"Math, Engineering, and Science Academy Charter Hig",3.13,0.75,3.64,0.81,4.12,0.73,0.72,1.65,0.81,4.66,2.69,0.85,0.82,0.86,3.69,0.88,0.64,0.90,0.17
84K738,New Visions Charter High School for Advanced Math,3.13,0.75,3.84,0.83,3.89,0.70,0.72,3.70,0.79,4.06,3.54,0.85,0.82,0.86,3.41,0.89,0.98,1.00,0.78
84K739,New Visions Charter High School for the Humanities,2.63,0.70,2.82,0.70,2.96,0.60,0.72,3.90,0.64,2.85,2.42,0.85,0.75,0.86,2.50,0.81,0.96,0.92,0.11
84K744,Coney Island Preparatory Public Charter School,3.84,0.82,3.75,0.80,4.25,0.72,0.72,2.86,0.88,4.61,3.81,0.83,0.92,0.86,4.02,0.90,0.69,1.00,0.19
84K757,Unity Prep Charter School,3.09,0.77,3.75,0.82,3.65,0.64,0.72,1.40,0.89,4.92,3.74,0.84,0.89,0.86,3.53,0.89,0.87,0.78,0.47
84K775,Leadership Preparatory Ocean Hill Charter School,2.77,0.77,2.80,0.73,2.96,0.56,0.72,1.80,0.86,3.63,3.16,0.83,0.93,0.86,2.56,0.80,0.34,0.92,0.34
84K803,Brooklyn LAB Charter School,2.79,0.73,2.46,0.68,2.25,0.60,0.72,,0.60,,2.90,0.84,0.84,0.86,3.17,0.87,0.55,0.50,0.26
84K892,Brooklyn Emerging Leaders Academy,,0.73,,0.95,,0.73,0.72,,1.00,,,0.85,0.92,0.86,,0.93,0.93,1.00,0.86
84M065,Democracy Prep Endurance Charter School,3.69,0.82,3.68,0.83,3.19,0.64,0.73,3.78,0.76,2.66,2.64,0.84,0.84,0.86,2.64,0.82,0.88,0.95,0.58
84M068,KIPP Washington Heights Middle School,3.87,0.82,3.88,0.84,,0.78,0.73,3.38,0.85,3.02,3.92,N/A,0.89,0.86,4.09,0.92,0.24,0.55,0.16
84M279,The Opportunity Charter School,2.28,0.66,2.22,0.64,3.00,0.62,0.73,1.00,0.55,3.77,2.13,0.84,0.92,0.86,3.22,0.85,0.71,0.89,0.36
84M284,Harlem Children's Zone Promise Academy 1 Charter S,3.31,0.78,3.32,0.76,4.09,0.67,0.73,4.00,0.84,4.35,3.57,0.83,0.87,0.86,3.68,0.88,0.83,0.51,0.72
84M335,Harlem Village Academy Leadership Charter School,2.51,0.70,2.52,0.69,2.32,0.59,0.73,2.75,0.71,2.49,2.06,N/A,0.75,0.86,2.23,0.80,0.67,1.00,0.71
84M336,KIPP Infinity Charter School,3.87,0.82,3.88,0.84,,0.78,0.73,2.21,0.74,2.22,3.92,N/A,0.89,0.86,4.09,0.92,0.24,0.55,0.16
84M341,Harlem Children's Zone Promise Academy II Charter,2.93,0.75,2.76,0.70,3.65,0.68,0.73,3.30,0.80,2.71,2.49,0.83,0.87,0.86,2.88,0.83,0.96,0.58,0.76
84M350,Democracy Prep Charter School,3.91,0.82,3.71,0.84,3.79,0.70,0.73,2.07,0.84,3.61,3.58,0.84,0.85,0.86,3.08,0.85,0.78,0.77,0.71
84M351,Success Academy Charter School - Harlem 1,,N/A,,N/A,,N/A,0.73,1.55,,,,0.83,0.93,0.86,,0.95,0.00,0.02,0.06
84M353,New Heights Academy Charter School,4.06,0.84,3.93,0.86,4.34,0.76,0.73,3.13,0.80,4.62,3.74,0.84,0.89,0.86,3.96,0.91,0.96,0.96,0.74
84M382,DREAM Charter School,3.37,0.78,4.08,0.85,3.55,0.65,0.73,,0.82,,3.59,0.83,0.94,0.86,3.73,0.88,0.85,0.98,0.69
84M433,Renaissance Charter High School for Innovation,2.70,0.71,3.34,0.76,3.93,0.68,0.73,1.35,0.64,4.75,3.02,0.85,0.82,0.86,3.21,0.85,0.86,1.00,0.72
84M478,Inwood Academy for Leadership Charter School,2.96,0.75,3.67,0.81,3.67,0.66,0.73,1.85,0.73,3.58,3.61,0.84,0.90,0.86,3.98,0.91,0.72,0.86,0.45
84M481,Democracy Prep Harlem Charter School,2.99,0.76,3.04,0.74,3.28,0.63,0.73,1.60,0.74,2.35,3.15,0.83,0.89,0.86,2.79,0.83,0.93,0.85,0.83
84M522,Broome Street Academy Charter School,2.75,0.72,2.00,0.53,2.24,0.64,0.73,1.20,0.26,1.00,1.53,0.85,0.79,0.86,2.13,0.78,0.89,0.85,0.15
84M708,Harlem Prep Charter School,3.45,0.80,3.70,0.81,3.31,0.61,0.73,1.80,0.86,3.89,3.54,0.83,0.87,0.86,3.50,0.87,0.75,0.65,0.83
84M709,Harlem Village Academy Charter School,2.51,0.70,2.52,0.69,2.32,0.59,0.73,2.71,0.77,3.50,2.06,N/A,0.75,0.86,2.23,0.80,0.67,1.00,0.71
84M726,KIPP STAR College Prep Charter School,3.87,0.82,3.88,0.84,,0.78,0.73,3.40,0.81,4.05,3.92,N/A,0.89,0.86,4.09,0.92,0.24,0.55,0.16
84Q320,New Visions Charter High School for Advanced Math,3.13,0.75,3.33,0.78,3.47,0.68,0.72,2.43,0.80,3.30,3.30,0.85,0.82,0.84,3.52,0.89,0.98,0.94,0.86
84Q373,New Visions Charter High School for the Humanities,2.74,0.65,3.03,0.76,2.36,0.59,0.72,,0.70,,3.73,0.85,0.90,0.84,3.10,0.85,0.97,0.56,0.66
84Q705,Renaissance Charter School,4.04,0.82,3.94,0.83,4.02,0.73,0.72,2.55,0.83,3.63,2.91,0.83,0.90,0.84,3.50,0.87,0.98,0.94,0.66
84R067,John W. Lavelle Preparatory Charter School,3.97,0.82,4.73,0.94,3.51,0.72,0.72,4.99,0.61,1.67,4.53,0.83,0.88,0.85,4.19,0.92,0.96,1.00,0.87
84X185,Bronx Lighthouse Charter School,3.61,0.78,3.58,0.80,4.06,0.71,0.70,2.50,0.82,4.38,2.97,0.83,0.81,0.84,3.43,0.87,0.84,0.48,0.45
84X202,New Visions Charter High School for Advanced Math,3.39,0.77,3.03,0.73,3.90,0.69,0.70,2.86,0.70,4.28,3.18,0.85,0.82,0.84,3.08,0.84,0.96,0.96,0.76
84X208,New Visions Charter High School for the Humanities,3.07,0.75,3.36,0.77,2.80,0.60,0.70,1.85,0.56,3.14,2.91,0.85,0.81,0.84,2.75,0.82,0.98,0.93,0.28
84X345,Hyde Leadership Charter School,2.97,0.75,3.47,0.77,3.95,0.70,0.70,2.54,0.68,2.91,2.85,0.83,0.92,0.84,3.51,0.87,0.85,0.90,0.63
84X393,University Prep Charter High School,4.26,0.84,4.22,0.89,4.41,0.76,0.70,3.00,0.99,4.99,4.04,0.85,0.84,0.84,4.07,0.93,0.96,0.95,0.50
84X395,"NYC Charter High School for Architecture, Engineer",3.57,0.79,3.64,0.81,4.36,0.75,0.70,2.79,0.78,4.99,3.85,0.85,0.93,0.84,4.05,0.91,0.99,1.00,0.98
84X429,Charter High School for Law and Social Justice,2.56,0.72,3.29,0.77,,0.60,0.70,2.93,,,1.79,0.85,0.72,0.84,1.45,0.70,0.71,0.88,0.29
84X461,Metropolitan Lighthouse Charter School,3.50,0.79,3.39,0.77,3.65,0.65,0.70,,0.85,,2.42,0.83,0.87,0.84,2.75,0.82,0.95,0.96,0.56
84X471,American Dream Charter School,3.63,0.81,4.53,0.92,4.43,0.80,0.70,,0.92,,4.41,0.84,0.97,0.84,4.63,0.96,0.94,0.92,0.64
84X482,Dr. Richard Izquierdo Health and Science Charter S,4.11,0.85,4.13,0.87,4.09,0.77,0.70,1.00,0.70,3.23,4.22,0.84,0.93,0.84,4.17,0.92,1.00,1.00,1.00
84X488,The Equality Charter School,2.64,0.72,2.50,0.70,3.52,0.61,0.70,1.80,0.80,4.23,3.18,0.84,0.84,0.84,2.86,0.83,0.87,0.91,0.69
84X539,New Visions Charter High School for Advanced Math,3.14,0.75,3.34,0.76,2.96,0.64,0.70,4.04,0.63,2.54,3.58,0.85,0.79,0.84,3.07,0.86,0.77,1.00,0.65
84X553,New Visions Charter High School for the Humanities,3.21,0.76,3.22,0.74,3.85,0.70,0.70,1.60,0.66,4.17,3.61,0.85,0.88,0.84,3.25,0.86,0.89,0.80,0.95
84X581,South Bronx Community Charter School,2.66,0.67,3.88,0.85,,0.72,0.70,2.07,,,3.82,0.85,0.85,0.84,3.94,0.91,0.81,0.73,0.38
84X703,Bronx Preparatory Charter School,2.90,0.75,2.29,0.67,3.82,0.64,0.70,2.57,0.88,4.75,1.89,0.84,0.80,0.84,2.09,0.77,0.70,1.00,0.73
84X704,KIPP Academy Charter School,3.87,0.82,3.88,0.84,,0.78,0.70,2.93,0.85,4.26,3.92,N/A,0.89,0.84,4.09,0.92,0.24,0.55,0.16